RECORDING_SESSION_LABEL,TRIAL_INDEX,CURRENT_FIX_DURATION,CURRENT_FIX_PUPIL,CURRENT_FIX_START,CURRENT_FIX_END,CURRENT_FIX_X,CURRENT_FIX_Y,EYE_USED,NEXT_SAC_DURATION,TRIAL_FIXATION_TOTAL,TRIAL_START_TIME,VIDEO_FRAME_INDEX_START,VIDEO_NAME_START,IP_START_TIME,IP_END_TIME,__duration__1
Brendan,1,324,464,4,324,363,337,RIGHT,32,189,9682126,.,HandS.mp4,9682126,9753247,71000
Brendan,1,1248,296,360,1604,298.1,265.3,RIGHT,28,189,9682126,8,HandS.mp4,9682126,9753247,71000
Brendan,1,1076,266,1636,2708,289.5,203.6,RIGHT,28,189,9682126,47,HandS.mp4,9682126,9753247,71000
Brendan,1,312,271,2740,3048,221.2,317.3,RIGHT,36,189,9682126,80,HandS.mp4,9682126,9753247,71000
Brendan,1,636,273,3088,3720,217.6,481,RIGHT,24,189,9682126,90,HandS.mp4,9682126,9753247,71000
Brendan,1,336,259,3748,4080,268.9,530.7,RIGHT,68,189,9682126,110,HandS.mp4,9682126,9753247,71000
Brendan,1,392,246,4152,4540,592.1,176.6,RIGHT,28,189,9682126,122,HandS.mp4,9682126,9753247,71000
Brendan,1,196,244,4572,4764,652.7,264.8,RIGHT,28,189,9682126,135,HandS.mp4,9682126,9753247,71000
Brendan,1,144,248,4796,4936,540.3,302.8,RIGHT,32,189,9682126,141,HandS.mp4,9682126,9753247,71000
Brendan,1,280,258,4972,5248,475.5,363.9,RIGHT,28,189,9682126,147,HandS.mp4,9682126,9753247,71000
Brendan,1,276,255,5280,5552,538.6,462.3,RIGHT,32,189,9682126,156,HandS.mp4,9682126,9753247,71000
Brendan,1,244,245,5588,5828,594.7,551.4,RIGHT,52,189,9682126,165,HandS.mp4,9682126,9753247,71000
Brendan,1,148,258,5884,6028,256.4,520.8,RIGHT,56,189,9682126,174,HandS.mp4,9682126,9753247,71000
Brendan,1,204,239,6088,6288,728.1,550.2,RIGHT,32,189,9682126,180,HandS.mp4,9682126,9753247,71000
Brendan,1,288,234,6324,6608,822.4,419,RIGHT,32,189,9682126,187,HandS.mp4,9682126,9753247,71000
Brendan,1,252,235,6644,6892,912.5,379,RIGHT,28,189,9682126,197,HandS.mp4,9682126,9753247,71000
Brendan,1,300,230,6924,7220,1031.3,282.5,RIGHT,76,189,9682126,205,HandS.mp4,9682126,9753247,71000
Brendan,1,140,245,7300,7436,169.7,461.6,RIGHT,28,189,9682126,216,HandS.mp4,9682126,9753247,71000
Brendan,1,76,243,7468,7540,217.9,368.6,RIGHT,32,189,9682126,221,HandS.mp4,9682126,9753247,71000
Brendan,1,248,235,7576,7820,315.1,289.5,RIGHT,52,189,9682126,225,HandS.mp4,9682126,9753247,71000
Brendan,1,164,226,7876,8036,654.2,266.9,RIGHT,56,189,9682126,234,HandS.mp4,9682126,9753247,71000
Brendan,1,316,227,8096,8408,328.9,158,RIGHT,16,189,9682126,240,HandS.mp4,9682126,9753247,71000
Brendan,1,592,227,8428,9016,310,144.1,RIGHT,24,189,9682126,250,HandS.mp4,9682126,9753247,71000
Brendan,1,540,227,9044,9580,381.2,158.8,RIGHT,52,189,9682126,269,HandS.mp4,9682126,9753247,71000
Brendan,1,272,225,9636,9904,661.1,284.1,RIGHT,24,189,9682126,287,HandS.mp4,9682126,9753247,71000
Brendan,1,212,227,9932,10140,621.1,264.1,RIGHT,20,189,9682126,295,HandS.mp4,9682126,9753247,71000
Brendan,1,192,221,10164,10352,650.5,280.3,RIGHT,32,189,9682126,302,HandS.mp4,9682126,9753247,71000
Brendan,1,576,219,10388,10960,589.6,160,RIGHT,28,189,9682126,309,HandS.mp4,9682126,9753247,71000
Brendan,1,224,221,10992,11212,633.8,243.2,RIGHT,424,189,9682126,327,HandS.mp4,9682126,9753247,71000
Brendan,1,188,222,11640,11824,678.6,116.1,RIGHT,472,189,9682126,347,HandS.mp4,9682126,9753247,71000
Brendan,1,112,225,12300,12408,688.7,55.8,RIGHT,684,189,9682126,366,HandS.mp4,9682126,9753247,71000
Brendan,1,60,232,13096,13152,496,75.5,RIGHT,1128,189,9682126,390,HandS.mp4,9682126,9753247,71000
Brendan,1,536,195,14284,14816,668.6,117.7,RIGHT,32,189,9682126,426,HandS.mp4,9682126,9753247,71000
Brendan,1,404,203,14852,15252,635.2,275.5,RIGHT,48,189,9682126,443,HandS.mp4,9682126,9753247,71000
Brendan,1,336,203,15304,15636,458.5,64.5,RIGHT,40,189,9682126,457,HandS.mp4,9682126,9753247,71000
Brendan,1,520,213,15680,16196,653.2,120.6,RIGHT,52,189,9682126,468,HandS.mp4,9682126,9753247,71000
Brendan,1,420,266,16252,16668,431.5,188.6,RIGHT,128,189,9682126,485,HandS.mp4,9682126,9753247,71000
Brendan,1,308,254,16800,17104,378.8,213.7,RIGHT,24,189,9682126,501,HandS.mp4,9682126,9753247,71000
Brendan,1,296,254,17132,17424,311.1,166.8,RIGHT,16,189,9682126,511,HandS.mp4,9682126,9753247,71000
Brendan,1,680,251,17444,18120,332.8,150,RIGHT,604,189,9682126,521,HandS.mp4,9682126,9753247,71000
Brendan,1,284,224,18728,19008,821.2,449.6,RIGHT,260,189,9682126,559,HandS.mp4,9682126,9753247,71000
Brendan,1,288,221,19272,19556,739.4,481.9,RIGHT,456,189,9682126,576,HandS.mp4,9682126,9753247,71000
Brendan,1,388,221,20016,20400,808.4,339.7,RIGHT,36,189,9682126,598,HandS.mp4,9682126,9753247,71000
Brendan,1,448,214,20440,20884,695.2,438.1,RIGHT,64,189,9682126,611,HandS.mp4,9682126,9753247,71000
Brendan,1,264,227,20952,21212,328.7,182.3,RIGHT,20,189,9682126,626,HandS.mp4,9682126,9753247,71000
Brendan,1,868,221,21236,22100,340.1,140.8,RIGHT,24,189,9682126,635,HandS.mp4,9682126,9753247,71000
Brendan,1,156,223,22128,22280,405.9,173.3,RIGHT,56,189,9682126,661,HandS.mp4,9682126,9753247,71000
Brendan,1,28,215,22340,22364,365.4,482.8,RIGHT,392,189,9682126,668,HandS.mp4,9682126,9753247,71000
Brendan,1,104,203,22760,22860,324.5,480.1,RIGHT,160,189,9682126,680,HandS.mp4,9682126,9753247,71000
Brendan,1,112,197,23024,23132,321.4,483.3,RIGHT,16,189,9682126,688,HandS.mp4,9682126,9753247,71000
Brendan,1,496,193,23152,23644,296.5,493.4,RIGHT,16,189,9682126,692,HandS.mp4,9682126,9753247,71000
Brendan,1,400,198,23664,24060,329.3,489.2,RIGHT,160,189,9682126,707,HandS.mp4,9682126,9753247,71000
Brendan,1,536,202,24224,24756,466.9,503.2,RIGHT,124,189,9682126,724,HandS.mp4,9682126,9753247,71000
Brendan,1,612,213,24884,25492,345.7,496.3,RIGHT,20,189,9682126,744,HandS.mp4,9682126,9753247,71000
Brendan,1,520,216,25516,26032,305.2,492.3,RIGHT,44,189,9682126,763,HandS.mp4,9682126,9753247,71000
Brendan,1,368,214,26080,26444,388.9,237.6,RIGHT,36,189,9682126,780,HandS.mp4,9682126,9753247,71000
Brendan,1,232,212,26484,26712,497,388.1,RIGHT,32,189,9682126,792,HandS.mp4,9682126,9753247,71000
Brendan,1,172,214,26748,26916,375.2,432.3,RIGHT,24,189,9682126,800,HandS.mp4,9682126,9753247,71000
Brendan,1,152,212,26944,27092,330.6,472.1,RIGHT,56,189,9682126,806,HandS.mp4,9682126,9753247,71000
Brendan,1,204,218,27152,27352,334.3,130.8,RIGHT,20,189,9682126,812,HandS.mp4,9682126,9753247,71000
Brendan,1,180,221,27376,27552,366.9,151.2,RIGHT,48,189,9682126,819,HandS.mp4,9682126,9753247,71000
Brendan,1,440,219,27604,28040,340,485,RIGHT,24,189,9682126,826,HandS.mp4,9682126,9753247,71000
Brendan,1,504,218,28068,28568,305,513.7,RIGHT,24,189,9682126,840,HandS.mp4,9682126,9753247,71000
Brendan,1,24,217,28596,28616,218.7,522.8,RIGHT,464,189,9682126,855,HandS.mp4,9682126,9753247,71000
Brendan,1,352,212,29084,29432,383.5,267.8,RIGHT,28,189,9682126,870,HandS.mp4,9682126,9753247,71000
Brendan,1,192,216,29464,29652,278.8,196.7,RIGHT,24,189,9682126,881,HandS.mp4,9682126,9753247,71000
Brendan,1,164,215,29680,29840,347.2,182.7,RIGHT,20,189,9682126,888,HandS.mp4,9682126,9753247,71000
Brendan,1,256,221,29864,30116,300.4,168.5,RIGHT,144,189,9682126,893,HandS.mp4,9682126,9753247,71000
Brendan,1,144,203,30264,30404,702.5,528.7,RIGHT,24,189,9682126,905,HandS.mp4,9682126,9753247,71000
Brendan,1,128,211,30432,30556,774.9,528.2,RIGHT,40,189,9682126,910,HandS.mp4,9682126,9753247,71000
Brendan,1,204,217,30600,30800,738.1,319.3,RIGHT,64,189,9682126,915,HandS.mp4,9682126,9753247,71000
Brendan,1,212,222,30868,31076,290.4,171.3,RIGHT,64,189,9682126,924,HandS.mp4,9682126,9753247,71000
Brendan,1,268,217,31144,31408,727.5,204.1,RIGHT,32,189,9682126,932,HandS.mp4,9682126,9753247,71000
Brendan,1,196,215,31444,31636,910.9,334.7,RIGHT,32,189,9682126,941,HandS.mp4,9682126,9753247,71000
Brendan,1,184,204,31672,31852,996.5,535.2,RIGHT,32,189,9682126,948,HandS.mp4,9682126,9753247,71000
Brendan,1,148,204,31888,32032,1073.6,644,RIGHT,32,189,9682126,954,HandS.mp4,9682126,9753247,71000
Brendan,1,152,201,32068,32216,941.9,576.9,RIGHT,36,189,9682126,960,HandS.mp4,9682126,9753247,71000
Brendan,1,84,187,32256,32336,741.1,550.3,RIGHT,136,189,9682126,965,HandS.mp4,9682126,9753247,71000
Brendan,1,148,193,32476,32620,263,561.2,RIGHT,880,189,9682126,972,HandS.mp4,9682126,9753247,71000
Brendan,1,200,182,33504,33700,298,569.8,RIGHT,48,189,9682126,1003,HandS.mp4,9682126,9753247,71000
Brendan,1,172,197,33752,33920,354.1,312.3,RIGHT,36,189,9682126,1010,HandS.mp4,9682126,9753247,71000
Brendan,1,688,205,33960,34644,347.1,150.8,RIGHT,44,189,9682126,1016,HandS.mp4,9682126,9753247,71000
Brendan,1,280,218,34692,34968,241.9,383.4,RIGHT,36,189,9682126,1038,HandS.mp4,9682126,9753247,71000
Brendan,1,572,218,35008,35576,310.5,209.5,RIGHT,20,189,9682126,1048,HandS.mp4,9682126,9753247,71000
Brendan,1,616,225,35600,36212,341.3,174,RIGHT,20,189,9682126,1065,HandS.mp4,9682126,9753247,71000
Brendan,1,292,217,36236,36524,390.2,208.2,RIGHT,24,189,9682126,1085,HandS.mp4,9682126,9753247,71000
Brendan,1,136,214,36552,36684,337.1,211.6,RIGHT,24,189,9682126,1094,HandS.mp4,9682126,9753247,71000
Brendan,1,152,210,36712,36860,403.7,199.3,RIGHT,24,189,9682126,1099,HandS.mp4,9682126,9753247,71000
Brendan,1,324,208,36888,37208,353.2,194.1,RIGHT,20,189,9682126,1104,HandS.mp4,9682126,9753247,71000
Brendan,1,160,205,37232,37388,294.8,218.8,RIGHT,20,189,9682126,1114,HandS.mp4,9682126,9753247,71000
Brendan,1,168,200,37412,37576,332.1,232.7,RIGHT,24,189,9682126,1120,HandS.mp4,9682126,9753247,71000
Brendan,1,372,200,37604,37972,251.4,265.1,RIGHT,20,189,9682126,1126,HandS.mp4,9682126,9753247,71000
Brendan,1,244,197,37996,38236,192.2,268.9,RIGHT,24,189,9682126,1137,HandS.mp4,9682126,9753247,71000
Brendan,1,236,191,38264,38496,251.9,273.1,RIGHT,40,189,9682126,1145,HandS.mp4,9682126,9753247,71000
Brendan,1,140,183,38540,38676,372.8,356.7,RIGHT,24,189,9682126,1154,HandS.mp4,9682126,9753247,71000
Brendan,1,152,180,38704,38852,317.5,408.3,RIGHT,24,189,9682126,1159,HandS.mp4,9682126,9753247,71000
Brendan,1,152,174,38880,39028,347.3,463.4,RIGHT,20,189,9682126,1164,HandS.mp4,9682126,9753247,71000
Brendan,1,656,172,39052,39704,313.9,492.4,RIGHT,16,189,9682126,1169,HandS.mp4,9682126,9753247,71000
Brendan,1,148,171,39724,39868,289.3,492.1,RIGHT,20,189,9682126,1189,HandS.mp4,9682126,9753247,71000
Brendan,1,184,171,39892,40072,327,490.7,RIGHT,16,189,9682126,1194,HandS.mp4,9682126,9753247,71000
Brendan,1,244,174,40092,40332,299,489.8,RIGHT,20,189,9682126,1200,HandS.mp4,9682126,9753247,71000
Brendan,1,592,179,40356,40944,334,452.4,RIGHT,24,189,9682126,1208,HandS.mp4,9682126,9753247,71000
Brendan,1,524,184,40972,41492,301.6,419.4,RIGHT,32,189,9682126,1227,HandS.mp4,9682126,9753247,71000
Brendan,1,200,192,41528,41724,209.7,327.8,RIGHT,24,189,9682126,1243,HandS.mp4,9682126,9753247,71000
Brendan,1,160,189,41752,41908,261.4,324.4,RIGHT,24,189,9682126,1250,HandS.mp4,9682126,9753247,71000
Brendan,1,920,191,41936,42852,225.4,319.1,RIGHT,16,189,9682126,1256,HandS.mp4,9682126,9753247,71000
Brendan,1,232,191,42872,43100,248.9,285.1,RIGHT,20,189,9682126,1284,HandS.mp4,9682126,9753247,71000
Brendan,1,288,190,43124,43408,299.7,250.9,RIGHT,20,189,9682126,1291,HandS.mp4,9682126,9753247,71000
Brendan,1,244,194,43432,43672,260.1,239.9,RIGHT,24,189,9682126,1300,HandS.mp4,9682126,9753247,71000
Brendan,1,140,196,43700,43836,210.5,241.6,RIGHT,28,189,9682126,1308,HandS.mp4,9682126,9753247,71000
Brendan,1,332,192,43868,44196,309.8,185.5,RIGHT,20,189,9682126,1314,HandS.mp4,9682126,9753247,71000
Brendan,1,152,188,44220,44368,347.7,160.2,RIGHT,16,189,9682126,1324,HandS.mp4,9682126,9753247,71000
Brendan,1,240,185,44388,44624,324,151.6,RIGHT,16,189,9682126,1329,HandS.mp4,9682126,9753247,71000
Brendan,1,168,181,44644,44808,348.1,155.2,RIGHT,16,189,9682126,1337,HandS.mp4,9682126,9753247,71000
Brendan,1,140,179,44828,44964,320.2,156.4,RIGHT,16,189,9682126,1342,HandS.mp4,9682126,9753247,71000
Brendan,1,148,176,44984,45128,292.1,165.7,RIGHT,20,189,9682126,1347,HandS.mp4,9682126,9753247,71000
Brendan,1,104,173,45152,45252,329.8,167.3,RIGHT,16,189,9682126,1352,HandS.mp4,9682126,9753247,71000
Brendan,1,580,168,45272,45848,307.6,172.7,RIGHT,36,189,9682126,1356,HandS.mp4,9682126,9753247,71000
Brendan,1,164,176,45888,46048,237.1,299.7,RIGHT,28,189,9682126,1374,HandS.mp4,9682126,9753247,71000
Brendan,1,356,188,46080,46432,171.9,367,RIGHT,20,189,9682126,1380,HandS.mp4,9682126,9753247,71000
Brendan,1,356,196,46456,46808,219,367,RIGHT,20,189,9682126,1391,HandS.mp4,9682126,9753247,71000
Brendan,1,484,201,46832,47312,186.1,350.4,RIGHT,28,189,9682126,1402,HandS.mp4,9682126,9753247,71000
Brendan,1,280,213,47344,47620,178.1,529.9,RIGHT,20,189,9682126,1418,HandS.mp4,9682126,9753247,71000
Brendan,1,200,221,47644,47840,172,462,RIGHT,32,189,9682126,1427,HandS.mp4,9682126,9753247,71000
Brendan,1,216,216,47876,48088,223.1,266.5,RIGHT,28,189,9682126,1434,HandS.mp4,9682126,9753247,71000
Brendan,1,220,214,48120,48336,321,228.7,RIGHT,28,189,9682126,1441,HandS.mp4,9682126,9753247,71000
Brendan,1,404,209,48368,48768,365.1,189.2,RIGHT,24,189,9682126,1449,HandS.mp4,9682126,9753247,71000
Brendan,1,1388,228,48796,50180,304.1,201.1,RIGHT,48,189,9682126,1461,HandS.mp4,9682126,9753247,71000
Brendan,1,984,241,50232,51212,579.4,239.5,RIGHT,28,189,9682126,1504,HandS.mp4,9682126,9753247,71000
Brendan,1,840,244,51244,52080,651.6,258.2,RIGHT,28,189,9682126,1535,HandS.mp4,9682126,9753247,71000
Brendan,1,1008,227,52112,53116,707.4,307.1,RIGHT,60,189,9682126,1561,HandS.mp4,9682126,9753247,71000
Brendan,1,460,209,53180,53636,328.5,203.2,RIGHT,20,189,9682126,1593,HandS.mp4,9682126,9753247,71000
Brendan,1,536,200,53660,54192,367.6,196.5,RIGHT,16,189,9682126,1607,HandS.mp4,9682126,9753247,71000
Brendan,1,208,199,54212,54416,350.8,236.5,RIGHT,24,189,9682126,1624,HandS.mp4,9682126,9753247,71000
Brendan,1,112,199,54444,54552,408.2,269.9,RIGHT,28,189,9682126,1631,HandS.mp4,9682126,9753247,71000
Brendan,1,516,188,54584,55096,366.2,357,RIGHT,16,189,9682126,1635,HandS.mp4,9682126,9753247,71000
Brendan,1,184,181,55116,55296,307.1,427.7,RIGHT,24,189,9682126,1651,HandS.mp4,9682126,9753247,71000
Brendan,1,112,180,55324,55432,242.9,428,RIGHT,20,189,9682126,1657,HandS.mp4,9682126,9753247,71000
Brendan,1,384,182,55456,55836,126.4,294.6,RIGHT,16,189,9682126,1661,HandS.mp4,9682126,9753247,71000
Brendan,1,372,185,55856,56224,353.6,175.3,RIGHT,28,189,9682126,1673,HandS.mp4,9682126,9753247,71000
Brendan,1,728,187,56256,56980,360.3,190.6,RIGHT,24,189,9682126,1685,HandS.mp4,9682126,9753247,71000
Brendan,1,88,185,57008,57092,229.2,203.9,RIGHT,28,189,9682126,1708,HandS.mp4,9682126,9753247,71000
Brendan,1,88,186,57124,57208,312.9,211.5,RIGHT,24,189,9682126,1711,HandS.mp4,9682126,9753247,71000
Brendan,1,128,190,57236,57360,242.1,232.3,RIGHT,28,189,9682126,1715,HandS.mp4,9682126,9753247,71000
Brendan,1,172,192,57392,57560,336.9,271.6,RIGHT,48,189,9682126,1719,HandS.mp4,9682126,9753247,71000
Brendan,1,340,194,57612,57948,232.2,491.3,RIGHT,36,189,9682126,1726,HandS.mp4,9682126,9753247,71000
Brendan,1,564,198,57988,58548,258.1,337.2,RIGHT,24,189,9682126,1737,HandS.mp4,9682126,9753247,71000
Brendan,1,112,203,58576,58684,356.1,338.6,RIGHT,24,189,9682126,1755,HandS.mp4,9682126,9753247,71000
Brendan,1,108,206,58712,58816,304.5,329.4,RIGHT,32,189,9682126,1759,HandS.mp4,9682126,9753247,71000
Brendan,1,100,207,58852,58948,390.3,344.3,RIGHT,24,189,9682126,1763,HandS.mp4,9682126,9753247,71000
Brendan,1,80,208,58976,59052,336,344.4,RIGHT,24,189,9682126,1767,HandS.mp4,9682126,9753247,71000
Brendan,1,88,205,59080,59164,413.5,349.4,RIGHT,40,189,9682126,1770,HandS.mp4,9682126,9753247,71000
Brendan,1,260,198,59208,59464,224.6,217.4,RIGHT,24,189,9682126,1774,HandS.mp4,9682126,9753247,71000
Brendan,1,76,189,59492,59564,265.4,156.4,RIGHT,20,189,9682126,1782,HandS.mp4,9682126,9753247,71000
Brendan,1,384,190,59588,59968,400.2,197.5,RIGHT,28,189,9682126,1785,HandS.mp4,9682126,9753247,71000
Brendan,1,180,181,60000,60176,448.1,228.3,RIGHT,20,189,9682126,1798,HandS.mp4,9682126,9753247,71000
Brendan,1,256,180,60200,60452,354.3,209,RIGHT,16,189,9682126,1804,HandS.mp4,9682126,9753247,71000
Brendan,1,280,185,60472,60748,330,193.1,RIGHT,20,189,9682126,1812,HandS.mp4,9682126,9753247,71000
Brendan,1,236,177,60772,61004,399.2,163.6,RIGHT,20,189,9682126,1821,HandS.mp4,9682126,9753247,71000
Brendan,1,480,187,61028,61504,350.8,149,RIGHT,32,189,9682126,1828,HandS.mp4,9682126,9753247,71000
Brendan,1,196,196,61540,61732,474.4,170.9,RIGHT,28,189,9682126,1844,HandS.mp4,9682126,9753247,71000
Brendan,1,416,204,61764,62176,555.2,191.6,RIGHT,32,189,9682126,1850,HandS.mp4,9682126,9753247,71000
Brendan,1,184,227,62212,62392,695.3,161,RIGHT,36,189,9682126,1864,HandS.mp4,9682126,9753247,71000
Brendan,1,140,235,62432,62568,519.2,184.3,RIGHT,24,189,9682126,1870,HandS.mp4,9682126,9753247,71000
Brendan,1,228,240,62596,62820,587.2,213.7,RIGHT,24,189,9682126,1875,HandS.mp4,9682126,9753247,71000
Brendan,1,560,257,62848,63404,502.9,216.6,RIGHT,204,189,9682126,1883,HandS.mp4,9682126,9753247,71000
Brendan,1,160,241,63612,63768,603.7,98.9,RIGHT,44,189,9682126,1906,HandS.mp4,9682126,9753247,71000
Brendan,1,268,226,63816,64080,808.8,42.1,RIGHT,180,189,9682126,1912,HandS.mp4,9682126,9753247,71000
Brendan,1,44,224,64264,64304,1029.1,115.2,RIGHT,76,189,9682126,1925,HandS.mp4,9682126,9753247,71000
Brendan,1,152,238,64384,64532,622.6,215.7,RIGHT,20,189,9682126,1929,HandS.mp4,9682126,9753247,71000
Brendan,1,188,228,64556,64740,502.4,214.7,RIGHT,24,189,9682126,1934,HandS.mp4,9682126,9753247,71000
Brendan,1,80,223,64768,64844,526.9,241.5,RIGHT,32,189,9682126,1941,HandS.mp4,9682126,9753247,71000
Brendan,1,248,225,64880,65124,419.9,256.8,RIGHT,24,189,9682126,1944,HandS.mp4,9682126,9753247,71000
Brendan,1,532,218,65152,65680,350.7,233.3,RIGHT,16,189,9682126,1952,HandS.mp4,9682126,9753247,71000
Brendan,1,120,194,65700,65816,365.1,203.3,RIGHT,20,189,9682126,1969,HandS.mp4,9682126,9753247,71000
Brendan,1,212,195,65840,66048,332.6,199.9,RIGHT,24,189,9682126,1973,HandS.mp4,9682126,9753247,71000
Brendan,1,164,195,66076,66236,377.9,231.3,RIGHT,20,189,9682126,1980,HandS.mp4,9682126,9753247,71000
Brendan,1,156,194,66260,66412,425.6,269.3,RIGHT,20,189,9682126,1985,HandS.mp4,9682126,9753247,71000
Brendan,1,136,189,66436,66568,462.3,299.7,RIGHT,124,189,9682126,1991,HandS.mp4,9682126,9753247,71000
Brendan,1,108,192,66696,66800,553.2,263.2,RIGHT,24,189,9682126,1998,HandS.mp4,9682126,9753247,71000
Brendan,1,856,191,66828,67680,437.2,292.2,RIGHT,36,189,9682126,2002,HandS.mp4,9682126,9753247,71000
Brendan,1,288,211,67720,68004,251.2,289.8,RIGHT,32,189,9682126,2029,HandS.mp4,9682126,9753247,71000
Brendan,1,404,218,68040,68440,282.2,209.3,RIGHT,28,189,9682126,2039,HandS.mp4,9682126,9753247,71000
Brendan,1,324,236,68472,68792,163.3,179.8,RIGHT,32,189,9682126,2052,HandS.mp4,9682126,9753247,71000
Brendan,1,408,265,68828,69232,274.5,230.1,RIGHT,28,189,9682126,2062,HandS.mp4,9682126,9753247,71000
Brendan,1,364,279,69264,69624,207.4,231.7,RIGHT,32,189,9682126,2075,HandS.mp4,9682126,9753247,71000
Brendan,1,304,269,69660,69960,348.6,162.5,RIGHT,44,189,9682126,2087,HandS.mp4,9682126,9753247,71000
Brendan,1,704,260,70008,70708,161.1,174.3,RIGHT,20,189,9682126,2098,HandS.mp4,9682126,9753247,71000
Brendan,1,388,231,70732,71116,165.6,181.3,RIGHT,.,189,9682126,2119,HandS.mp4,9682126,9753247,71000
Brendan,2,48,192,4,48,477,314.3,RIGHT,16,189,9753766,.,PBJ.mp4,9753766,9840891,87000
Brendan,2,104,197,68,168,561.7,344.4,RIGHT,24,189,9753766,.,PBJ.mp4,9753766,9840891,87000
Brendan,2,132,203,196,324,503,350.6,RIGHT,40,189,9753766,4,PBJ.mp4,9753766,9840891,87000
Brendan,2,560,228,368,924,493.1,180.1,RIGHT,16,189,9753766,9,PBJ.mp4,9753766,9840891,87000
Brendan,2,408,233,944,1348,527.3,193.3,RIGHT,60,189,9753766,26,PBJ.mp4,9753766,9840891,87000
Brendan,2,128,217,1412,1536,742.6,627,RIGHT,32,189,9753766,40,PBJ.mp4,9753766,9840891,87000
Brendan,2,644,255,1572,2212,821.4,694.7,RIGHT,64,189,9753766,45,PBJ.mp4,9753766,9840891,87000
Brendan,2,164,278,2280,2440,534.7,239.7,RIGHT,16,189,9753766,66,PBJ.mp4,9753766,9840891,87000
Brendan,2,460,294,2460,2916,497,189.1,RIGHT,44,189,9753766,72,PBJ.mp4,9753766,9840891,87000
Brendan,2,732,287,2964,3692,536.6,478.3,RIGHT,48,189,9753766,87,PBJ.mp4,9753766,9840891,87000
Brendan,2,252,295,3744,3992,272.6,591.6,RIGHT,32,189,9753766,110,PBJ.mp4,9753766,9840891,87000
Brendan,2,136,292,4028,4160,173.7,557.9,RIGHT,108,189,9753766,119,PBJ.mp4,9753766,9840891,87000
Brendan,2,484,273,4272,4752,509.3,221.7,RIGHT,20,189,9753766,126,PBJ.mp4,9753766,9840891,87000
Brendan,2,32,291,4776,4804,505.6,321.4,RIGHT,20,189,9753766,141,PBJ.mp4,9753766,9840891,87000
Brendan,2,260,289,4828,5084,472.1,541.3,RIGHT,28,189,9753766,143,PBJ.mp4,9753766,9840891,87000
Brendan,2,876,313,5116,5988,526.1,446.2,RIGHT,36,189,9753766,151,PBJ.mp4,9753766,9840891,87000
Brendan,2,188,322,6028,6212,525.3,241.5,RIGHT,20,189,9753766,179,PBJ.mp4,9753766,9840891,87000
Brendan,2,776,342,6236,7008,494,202.6,RIGHT,112,189,9753766,185,PBJ.mp4,9753766,9840891,87000
Brendan,2,24,347,7124,7144,490.4,318.8,RIGHT,24,189,9753766,211,PBJ.mp4,9753766,9840891,87000
Brendan,2,208,316,7172,7376,455.6,500.6,RIGHT,24,189,9753766,213,PBJ.mp4,9753766,9840891,87000
Brendan,2,348,345,7404,7748,540,469.5,RIGHT,20,189,9753766,220,PBJ.mp4,9753766,9840891,87000
Brendan,2,424,339,7772,8192,497.3,447.2,RIGHT,20,189,9753766,231,PBJ.mp4,9753766,9840891,87000
Brendan,2,1064,305,8216,9276,526.9,433.6,RIGHT,40,189,9753766,244,PBJ.mp4,9753766,9840891,87000
Brendan,2,404,296,9320,9720,507.8,237.7,RIGHT,56,189,9753766,277,PBJ.mp4,9753766,9840891,87000
Brendan,2,268,312,9780,10044,264.6,549,RIGHT,20,189,9753766,291,PBJ.mp4,9753766,9840891,87000
Brendan,2,24,299,10068,10088,243.2,542.9,RIGHT,56,189,9753766,300,PBJ.mp4,9753766,9840891,87000
Brendan,2,100,303,10148,10244,498.6,329.8,RIGHT,28,189,9753766,302,PBJ.mp4,9753766,9840891,87000
Brendan,2,324,301,10276,10596,514.3,209.9,RIGHT,52,189,9753766,306,PBJ.mp4,9753766,9840891,87000
Brendan,2,3700,292,10652,14348,557.8,486.2,RIGHT,36,189,9753766,317,PBJ.mp4,9753766,9840891,87000
Brendan,2,144,268,14388,14528,677.5,261.3,RIGHT,48,189,9753766,429,PBJ.mp4,9753766,9840891,87000
Brendan,2,188,256,14580,14764,853.1,105.3,RIGHT,84,189,9753766,435,PBJ.mp4,9753766,9840891,87000
Brendan,2,100,261,14852,14948,52.4,81.7,RIGHT,500,189,9753766,443,PBJ.mp4,9753766,9840891,87000
Brendan,2,484,276,15452,15932,463.9,424.2,RIGHT,32,189,9753766,461,PBJ.mp4,9753766,9840891,87000
Brendan,2,368,266,15968,16332,542.3,561.6,RIGHT,20,189,9753766,477,PBJ.mp4,9753766,9840891,87000
Brendan,2,1260,251,16356,17612,523.2,607.2,RIGHT,20,189,9753766,488,PBJ.mp4,9753766,9840891,87000
Brendan,2,208,241,17636,17840,546.4,619.3,RIGHT,52,189,9753766,527,PBJ.mp4,9753766,9840891,87000
Brendan,2,256,257,17896,18148,427.4,303.1,RIGHT,52,189,9753766,535,PBJ.mp4,9753766,9840891,87000
Brendan,2,204,262,18204,18404,191.8,598.9,RIGHT,24,189,9753766,544,PBJ.mp4,9753766,9840891,87000
Brendan,2,484,269,18432,18912,148.1,622.8,RIGHT,56,189,9753766,551,PBJ.mp4,9753766,9840891,87000
Brendan,2,424,237,18972,19392,461.4,605.3,RIGHT,52,189,9753766,567,PBJ.mp4,9753766,9840891,87000
Brendan,2,464,260,19448,19908,373.2,503.1,RIGHT,24,189,9753766,581,PBJ.mp4,9753766,9840891,87000
Brendan,2,272,246,19936,20204,481.8,487.5,RIGHT,24,189,9753766,596,PBJ.mp4,9753766,9840891,87000
Brendan,2,456,237,20232,20684,443.4,476.4,RIGHT,44,189,9753766,605,PBJ.mp4,9753766,9840891,87000
Brendan,2,452,230,20732,21180,200.9,632.2,RIGHT,48,189,9753766,620,PBJ.mp4,9753766,9840891,87000
Brendan,2,272,205,21232,21500,442,597.4,RIGHT,44,189,9753766,635,PBJ.mp4,9753766,9840891,87000
Brendan,2,308,207,21548,21852,216.5,637.2,RIGHT,56,189,9753766,644,PBJ.mp4,9753766,9840891,87000
Brendan,2,1732,213,21912,23640,613.4,494.1,RIGHT,140,189,9753766,655,PBJ.mp4,9753766,9840891,87000
Brendan,2,352,143,23784,24132,-70.7,1252.5,RIGHT,76,189,9753766,711,PBJ.mp4,9753766,9840891,87000
Brendan,2,128,233,24212,24336,454.5,560.5,RIGHT,32,189,9753766,724,PBJ.mp4,9753766,9840891,87000
Brendan,2,192,246,24372,24560,562.4,510.6,RIGHT,16,189,9753766,729,PBJ.mp4,9753766,9840891,87000
Brendan,2,236,247,24580,24812,529,502,RIGHT,28,189,9753766,735,PBJ.mp4,9753766,9840891,87000
Brendan,2,176,234,24844,25016,570.9,494.8,RIGHT,20,189,9753766,743,PBJ.mp4,9753766,9840891,87000
Brendan,2,368,230,25040,25404,518.2,491.4,RIGHT,24,189,9753766,749,PBJ.mp4,9753766,9840891,87000
Brendan,2,584,213,25432,26012,559.5,482.5,RIGHT,20,189,9753766,761,PBJ.mp4,9753766,9840891,87000
Brendan,2,128,203,26036,26160,523.9,473.9,RIGHT,24,189,9753766,779,PBJ.mp4,9753766,9840891,87000
Brendan,2,92,201,26188,26276,579.8,469.9,RIGHT,20,189,9753766,783,PBJ.mp4,9753766,9840891,87000
Brendan,2,396,196,26300,26692,549,456,RIGHT,24,189,9753766,787,PBJ.mp4,9753766,9840891,87000
Brendan,2,140,195,26720,26856,506.7,472.2,RIGHT,20,189,9753766,799,PBJ.mp4,9753766,9840891,87000
Brendan,2,360,196,26880,27236,542.3,494.6,RIGHT,20,189,9753766,804,PBJ.mp4,9753766,9840891,87000
Brendan,2,48,192,27260,27304,492.7,501.1,RIGHT,28,189,9753766,816,PBJ.mp4,9753766,9840891,87000
Brendan,2,580,198,27336,27912,425.8,474.2,RIGHT,120,189,9753766,818,PBJ.mp4,9753766,9840891,87000
Brendan,2,48,185,28036,28080,817.5,387.3,RIGHT,24,189,9753766,839,PBJ.mp4,9753766,9840891,87000
Brendan,2,24,186,28108,28128,881.7,391.7,RIGHT,20,189,9753766,841,PBJ.mp4,9753766,9840891,87000
Brendan,2,124,189,28152,28272,799.5,363.6,RIGHT,28,189,9753766,842,PBJ.mp4,9753766,9840891,87000
Brendan,2,116,194,28304,28416,887.9,343.5,RIGHT,72,189,9753766,847,PBJ.mp4,9753766,9840891,87000
Brendan,2,116,191,28492,28604,710.9,282.3,RIGHT,24,189,9753766,853,PBJ.mp4,9753766,9840891,87000
Brendan,2,84,194,28632,28712,471.7,239.7,RIGHT,16,189,9753766,857,PBJ.mp4,9753766,9840891,87000
Brendan,2,72,196,28732,28800,481.3,235.2,RIGHT,24,189,9753766,860,PBJ.mp4,9753766,9840891,87000
Brendan,2,916,204,28828,29740,381.1,483.3,RIGHT,16,189,9753766,863,PBJ.mp4,9753766,9840891,87000
Brendan,2,132,234,29760,29888,402.3,525.7,RIGHT,24,189,9753766,891,PBJ.mp4,9753766,9840891,87000
Brendan,2,88,206,29916,30000,456.6,568.5,RIGHT,16,189,9753766,895,PBJ.mp4,9753766,9840891,87000
Brendan,2,428,222,30020,30444,424.4,574.1,RIGHT,16,189,9753766,898,PBJ.mp4,9753766,9840891,87000
Brendan,2,356,222,30464,30816,446.2,329.8,RIGHT,16,189,9753766,912,PBJ.mp4,9753766,9840891,87000
Brendan,2,812,194,30836,31644,441.2,299.1,RIGHT,1564,189,9753766,923,PBJ.mp4,9753766,9840891,87000
Brendan,2,156,245,33212,33364,635.8,261.6,RIGHT,48,189,9753766,994,PBJ.mp4,9753766,9840891,87000
Brendan,2,128,290,33416,33540,565.3,441.5,RIGHT,32,189,9753766,1000,PBJ.mp4,9753766,9840891,87000
Brendan,2,264,216,33576,33836,447.6,610.2,RIGHT,28,189,9753766,1005,PBJ.mp4,9753766,9840891,87000
Brendan,2,512,206,33868,34376,414.8,667.7,RIGHT,20,189,9753766,1014,PBJ.mp4,9753766,9840891,87000
Brendan,2,564,237,34400,34960,451.9,672.7,RIGHT,20,189,9753766,1030,PBJ.mp4,9753766,9840891,87000
Brendan,2,240,272,34984,35220,399.4,663.4,RIGHT,20,189,9753766,1047,PBJ.mp4,9753766,9840891,87000
Brendan,2,132,257,35244,35372,441.2,669.2,RIGHT,20,189,9753766,1055,PBJ.mp4,9753766,9840891,87000
Brendan,2,156,261,35396,35548,401.7,668.4,RIGHT,24,189,9753766,1060,PBJ.mp4,9753766,9840891,87000
Brendan,2,84,246,35576,35656,473.9,638.9,RIGHT,20,189,9753766,1065,PBJ.mp4,9753766,9840891,87000
Brendan,2,52,266,35680,35728,520.5,628.5,RIGHT,20,189,9753766,1068,PBJ.mp4,9753766,9840891,87000
Brendan,2,88,314,35752,35836,535.8,500.6,RIGHT,28,189,9753766,1070,PBJ.mp4,9753766,9840891,87000
Brendan,2,84,300,35868,35948,423.2,554.8,RIGHT,20,189,9753766,1074,PBJ.mp4,9753766,9840891,87000
Brendan,2,92,240,35972,36060,469.3,591.9,RIGHT,24,189,9753766,1077,PBJ.mp4,9753766,9840891,87000
Brendan,2,252,239,36088,36336,412.6,629.8,RIGHT,24,189,9753766,1080,PBJ.mp4,9753766,9840891,87000
Brendan,2,716,241,36364,37076,415.2,671.8,RIGHT,184,189,9753766,1089,PBJ.mp4,9753766,9840891,87000
Brendan,2,188,424,37264,37448,376.4,643.1,RIGHT,28,189,9753766,1116,PBJ.mp4,9753766,9840891,87000
Brendan,2,360,435,37480,37836,420.2,667.6,RIGHT,20,189,9753766,1122,PBJ.mp4,9753766,9840891,87000
Brendan,2,624,447,37860,38480,380.2,670.7,RIGHT,196,189,9753766,1134,PBJ.mp4,9753766,9840891,87000
Brendan,2,532,507,38680,39208,414,692.1,RIGHT,24,189,9753766,1158,PBJ.mp4,9753766,9840891,87000
Brendan,2,160,349,39236,39392,460.4,648.1,RIGHT,280,189,9753766,1175,PBJ.mp4,9753766,9840891,87000
Brendan,2,140,333,39676,39812,435.7,499.3,RIGHT,752,189,9753766,1188,PBJ.mp4,9753766,9840891,87000
Brendan,2,740,359,40568,41304,397.6,583.9,RIGHT,400,189,9753766,1215,PBJ.mp4,9753766,9840891,87000
Brendan,2,260,496,41708,41964,397.1,576,RIGHT,36,189,9753766,1249,PBJ.mp4,9753766,9840891,87000
Brendan,2,404,410,42004,42404,291.6,569.8,RIGHT,32,189,9753766,1258,PBJ.mp4,9753766,9840891,87000
Brendan,2,132,393,42440,42568,191,570.5,RIGHT,16,189,9753766,1271,PBJ.mp4,9753766,9840891,87000
Brendan,2,68,377,42588,42652,179.2,555.7,RIGHT,52,189,9753766,1275,PBJ.mp4,9753766,9840891,87000
Brendan,2,148,344,42708,42852,481.9,543.7,RIGHT,24,189,9753766,1279,PBJ.mp4,9753766,9840891,87000
Brendan,2,312,346,42880,43188,466.7,461.9,RIGHT,208,189,9753766,1284,PBJ.mp4,9753766,9840891,87000
Brendan,2,1004,318,43400,44400,504.4,546.8,RIGHT,24,189,9753766,1300,PBJ.mp4,9753766,9840891,87000
Brendan,2,140,294,44428,44564,448.9,519.5,RIGHT,56,189,9753766,1331,PBJ.mp4,9753766,9840891,87000
Brendan,2,108,287,44624,44728,509.1,363.4,RIGHT,28,189,9753766,1337,PBJ.mp4,9753766,9840891,87000
Brendan,2,488,283,44760,45244,475.8,257.2,RIGHT,16,189,9753766,1341,PBJ.mp4,9753766,9840891,87000
Brendan,2,52,294,45264,45312,509.6,240.4,RIGHT,16,189,9753766,1356,PBJ.mp4,9753766,9840891,87000
Brendan,2,636,255,45332,45964,464.2,267.5,RIGHT,24,189,9753766,1358,PBJ.mp4,9753766,9840891,87000
Brendan,2,440,248,45992,46428,385.9,267.5,RIGHT,60,189,9753766,1378,PBJ.mp4,9753766,9840891,87000
Brendan,2,204,241,46492,46692,349.1,566.8,RIGHT,20,189,9753766,1393,PBJ.mp4,9753766,9840891,87000
Brendan,2,288,243,46716,47000,346.1,644.3,RIGHT,28,189,9753766,1399,PBJ.mp4,9753766,9840891,87000
Brendan,2,196,248,47032,47224,239.7,646.7,RIGHT,16,189,9753766,1409,PBJ.mp4,9753766,9840891,87000
Brendan,2,168,254,47244,47408,242.1,669.9,RIGHT,56,189,9753766,1415,PBJ.mp4,9753766,9840891,87000
Brendan,2,276,242,47468,47740,618,640.7,RIGHT,36,189,9753766,1422,PBJ.mp4,9753766,9840891,87000
Brendan,2,148,246,47780,47924,740,695.3,RIGHT,60,189,9753766,1431,PBJ.mp4,9753766,9840891,87000
Brendan,2,220,282,47988,48204,251.8,570.1,RIGHT,28,189,9753766,1437,PBJ.mp4,9753766,9840891,87000
Brendan,2,560,303,48236,48792,301.8,497.8,RIGHT,24,189,9753766,1445,PBJ.mp4,9753766,9840891,87000
Brendan,2,1036,351,48820,49852,368.8,466.2,RIGHT,28,189,9753766,1462,PBJ.mp4,9753766,9840891,87000
Brendan,2,120,336,49884,50000,358.3,580.8,RIGHT,24,189,9753766,1494,PBJ.mp4,9753766,9840891,87000
Brendan,2,424,301,50028,50448,400.2,642.8,RIGHT,24,189,9753766,1499,PBJ.mp4,9753766,9840891,87000
Brendan,2,284,257,50476,50756,443.3,632.8,RIGHT,40,189,9753766,1512,PBJ.mp4,9753766,9840891,87000
Brendan,2,236,255,50800,51032,346.2,462.8,RIGHT,24,189,9753766,1522,PBJ.mp4,9753766,9840891,87000
Brendan,2,92,241,51060,51148,400.2,469.3,RIGHT,20,189,9753766,1530,PBJ.mp4,9753766,9840891,87000
Brendan,2,116,237,51172,51284,341.9,454.3,RIGHT,20,189,9753766,1533,PBJ.mp4,9753766,9840891,87000
Brendan,2,180,230,51308,51484,387.4,464.3,RIGHT,20,189,9753766,1537,PBJ.mp4,9753766,9840891,87000
Brendan,2,184,227,51508,51688,357.1,455.7,RIGHT,24,189,9753766,1543,PBJ.mp4,9753766,9840891,87000
Brendan,2,644,219,51716,52356,403.5,293.3,RIGHT,20,189,9753766,1549,PBJ.mp4,9753766,9840891,87000
Brendan,2,136,213,52380,52512,487.7,273.1,RIGHT,108,189,9753766,1569,PBJ.mp4,9753766,9840891,87000
Brendan,2,192,241,52624,52812,425.9,220.1,RIGHT,24,189,9753766,1577,PBJ.mp4,9753766,9840891,87000
Brendan,2,84,214,52840,52920,483.1,246,RIGHT,20,189,9753766,1583,PBJ.mp4,9753766,9840891,87000
Brendan,2,352,222,52944,53292,388.3,289.1,RIGHT,16,189,9753766,1586,PBJ.mp4,9753766,9840891,87000
Brendan,2,144,269,53312,53452,326.7,308.2,RIGHT,24,189,9753766,1597,PBJ.mp4,9753766,9840891,87000
Brendan,2,412,256,53480,53888,186.5,426.6,RIGHT,24,189,9753766,1602,PBJ.mp4,9753766,9840891,87000
Brendan,2,84,243,53916,53996,249.2,487.2,RIGHT,24,189,9753766,1615,PBJ.mp4,9753766,9840891,87000
Brendan,2,140,247,54024,54160,368.6,512.1,RIGHT,16,189,9753766,1619,PBJ.mp4,9753766,9840891,87000
Brendan,2,248,240,54180,54424,392.6,547.1,RIGHT,24,189,9753766,1623,PBJ.mp4,9753766,9840891,87000
Brendan,2,372,250,54452,54820,420.5,487.7,RIGHT,16,189,9753766,1631,PBJ.mp4,9753766,9840891,87000
Brendan,2,300,250,54840,55136,457.1,471.2,RIGHT,196,189,9753766,1643,PBJ.mp4,9753766,9840891,87000
Brendan,2,204,278,55336,55536,423.3,499.8,RIGHT,24,189,9753766,1658,PBJ.mp4,9753766,9840891,87000
Brendan,2,2028,278,55564,57588,465.6,499.5,RIGHT,16,189,9753766,1665,PBJ.mp4,9753766,9840891,87000
Brendan,2,308,225,57608,57912,493.7,514.1,RIGHT,16,189,9753766,1726,PBJ.mp4,9753766,9840891,87000
Brendan,2,816,201,57932,58744,479.8,524.2,RIGHT,16,189,9753766,1736,PBJ.mp4,9753766,9840891,87000
Brendan,2,312,210,58764,59072,539.4,461,RIGHT,24,189,9753766,1761,PBJ.mp4,9753766,9840891,87000
Brendan,2,288,240,59100,59384,365.3,396.2,RIGHT,16,189,9753766,1771,PBJ.mp4,9753766,9840891,87000
Brendan,2,68,262,59404,59468,309.4,424.4,RIGHT,16,189,9753766,1780,PBJ.mp4,9753766,9840891,87000
Brendan,2,56,258,59488,59540,377,390.9,RIGHT,16,189,9753766,1782,PBJ.mp4,9753766,9840891,87000
Brendan,2,584,226,59560,60140,497,433.4,RIGHT,16,189,9753766,1785,PBJ.mp4,9753766,9840891,87000
Brendan,2,68,93,60160,60224,377.2,586.7,RIGHT,16,189,9753766,1803,PBJ.mp4,9753766,9840891,87000
Brendan,2,160,59,60244,60400,240.5,587.4,RIGHT,896,189,9753766,1805,PBJ.mp4,9753766,9840891,87000
Brendan,2,28,441,61300,61324,650.5,395,RIGHT,16,189,9753766,1837,PBJ.mp4,9753766,9840891,87000
Brendan,2,32,532,61344,61372,672.9,337.9,RIGHT,64,189,9753766,1838,PBJ.mp4,9753766,9840891,87000
Brendan,2,56,383,61440,61492,653.5,647.9,RIGHT,44,189,9753766,1841,PBJ.mp4,9753766,9840891,87000
Brendan,2,192,352,61540,61728,560.2,693,RIGHT,24,189,9753766,1844,PBJ.mp4,9753766,9840891,87000
Brendan,2,1056,416,61756,62808,484.3,699.8,RIGHT,24,189,9753766,1851,PBJ.mp4,9753766,9840891,87000
Brendan,2,244,521,62836,63076,474.1,691.5,RIGHT,28,189,9753766,1883,PBJ.mp4,9753766,9840891,87000
Brendan,2,816,411,63108,63920,541.2,601.9,RIGHT,124,189,9753766,1891,PBJ.mp4,9753766,9840891,87000
Brendan,2,1660,366,64048,65704,466.5,616,RIGHT,44,189,9753766,1919,PBJ.mp4,9753766,9840891,87000
Brendan,2,472,343,65752,66220,301.2,627.2,RIGHT,36,189,9753766,1970,PBJ.mp4,9753766,9840891,87000
Brendan,2,752,323,66260,67008,438.4,623.4,RIGHT,20,189,9753766,1986,PBJ.mp4,9753766,9840891,87000
Brendan,2,388,298,67032,67416,483,603.3,RIGHT,24,189,9753766,2009,PBJ.mp4,9753766,9840891,87000
Brendan,2,204,294,67444,67644,519.1,572.1,RIGHT,24,189,9753766,2021,PBJ.mp4,9753766,9840891,87000
Brendan,2,352,288,67672,68020,484.6,562.2,RIGHT,24,189,9753766,2028,PBJ.mp4,9753766,9840891,87000
Brendan,2,440,279,68048,68484,491.3,525.6,RIGHT,236,189,9753766,2039,PBJ.mp4,9753766,9840891,87000
Brendan,2,88,330,68724,68808,519.6,206.9,RIGHT,32,189,9753766,2060,PBJ.mp4,9753766,9840891,87000
Brendan,2,52,392,68844,68892,412.7,137.2,RIGHT,244,189,9753766,2063,PBJ.mp4,9753766,9840891,87000
Brendan,2,52,602,69140,69188,400.7,250.8,RIGHT,16,189,9753766,2072,PBJ.mp4,9753766,9840891,87000
Brendan,2,68,583,69208,69272,414.7,278.3,RIGHT,1188,189,9753766,2074,PBJ.mp4,9753766,9840891,87000
Brendan,2,300,559,70464,70760,432.8,439.2,RIGHT,40,189,9753766,2112,PBJ.mp4,9753766,9840891,87000
Brendan,2,780,294,70804,71580,444.3,214.6,RIGHT,300,189,9753766,2122,PBJ.mp4,9753766,9840891,87000
Brendan,2,120,312,71884,72000,435.8,390.8,RIGHT,416,189,9753766,2154,PBJ.mp4,9753766,9840891,87000
Brendan,2,308,325,72420,72724,539.2,350.3,RIGHT,92,189,9753766,2170,PBJ.mp4,9753766,9840891,87000
Brendan,2,124,311,72820,72940,440.7,371.5,RIGHT,80,189,9753766,2182,PBJ.mp4,9753766,9840891,87000
Brendan,2,916,306,73024,73936,456.3,422.5,RIGHT,660,189,9753766,2189,PBJ.mp4,9753766,9840891,87000
Brendan,2,336,266,74600,74932,453.8,398.1,RIGHT,28,189,9753766,2236,PBJ.mp4,9753766,9840891,87000
Brendan,2,52,273,74964,75012,445.8,398.6,RIGHT,28,189,9753766,2247,PBJ.mp4,9753766,9840891,87000
Brendan,2,36,266,75044,75076,448.2,386.8,RIGHT,344,189,9753766,2249,PBJ.mp4,9753766,9840891,87000
Brendan,2,88,246,75424,75508,445.9,404.7,RIGHT,24,189,9753766,2261,PBJ.mp4,9753766,9840891,87000
Brendan,2,636,217,75536,76168,443.7,464.9,RIGHT,700,189,9753766,2264,PBJ.mp4,9753766,9840891,87000
Brendan,2,468,201,76872,77336,312.5,392.1,RIGHT,1664,189,9753766,2304,PBJ.mp4,9753766,9840891,87000
Brendan,2,2884,216,79004,81884,449.2,527.6,RIGHT,28,189,9753766,2368,PBJ.mp4,9753766,9840891,87000
Brendan,2,380,253,81916,82292,437.5,379.9,RIGHT,48,189,9753766,2455,PBJ.mp4,9753766,9840891,87000
Brendan,2,388,235,82344,82728,291.5,553.2,RIGHT,36,189,9753766,2468,PBJ.mp4,9753766,9840891,87000
Brendan,2,244,271,82768,83008,381.2,451.5,RIGHT,1368,189,9753766,2481,PBJ.mp4,9753766,9840891,87000
Brendan,2,196,290,84380,84572,418.6,517.1,RIGHT,24,189,9753766,2529,PBJ.mp4,9753766,9840891,87000
Brendan,2,436,309,84600,85032,432.7,435.3,RIGHT,52,189,9753766,2536,PBJ.mp4,9753766,9840891,87000
Brendan,2,948,277,85088,86032,458.3,188.8,RIGHT,16,189,9753766,2551,PBJ.mp4,9753766,9840891,87000
Brendan,2,312,254,86052,86360,438,159.4,RIGHT,60,189,9753766,2579,PBJ.mp4,9753766,9840891,87000
Brendan,2,276,242,86424,86696,388.2,472.1,RIGHT,44,189,9753766,2591,PBJ.mp4,9753766,9840891,87000
Brendan,2,380,272,86744,87120,435.6,209.9,RIGHT,.,189,9753766,2600,PBJ.mp4,9753766,9840891,87000