RECORDING_SESSION_LABEL,TRIAL_INDEX,CURRENT_FIX_DURATION,CURRENT_FIX_PUPIL,CURRENT_FIX_START,CURRENT_FIX_END,CURRENT_FIX_X,CURRENT_FIX_Y,EYE_USED,NEXT_SAC_DURATION,TRIAL_FIXATION_TOTAL,TRIAL_START_TIME,VIDEO_FRAME_INDEX_START,VIDEO_NAME_START,IP_START_TIME,IP_END_TIME,__duration__1,audio,image
Sundar,1,276,482,4,276,522.6,425.1,RIGHT,36,216,10521986,0,HandS.mp4,10521986,10593103,71000,HandSX.wav,HandS.mp4
Sundar,1,136,529,316,448,343.3,355.8,RIGHT,24,216,10521986,7,HandS.mp4,10521986,10593103,71000,HandSX.wav,HandS.mp4
Sundar,1,332,405,476,804,342.2,272.5,RIGHT,128,216,10521986,12,HandS.mp4,10521986,10593103,71000,HandSX.wav,HandS.mp4
Sundar,1,420,389,936,1352,357.5,280.9,RIGHT,16,216,10521986,26,HandS.mp4,10521986,10593103,71000,HandSX.wav,HandS.mp4
Sundar,1,264,445,1372,1632,383.5,287.5,RIGHT,20,216,10521986,39,HandS.mp4,10521986,10593103,71000,HandSX.wav,HandS.mp4
Sundar,1,204,448,1656,1856,342.4,255.7,RIGHT,24,216,10521986,47,HandS.mp4,10521986,10593103,71000,HandSX.wav,HandS.mp4
Sundar,1,436,467,1884,2316,333.7,190,RIGHT,24,216,10521986,54,HandS.mp4,10521986,10593103,71000,HandSX.wav,HandS.mp4
Sundar,1,388,499,2344,2728,282.3,226.5,RIGHT,36,216,10521986,68,HandS.mp4,10521986,10593103,71000,HandSX.wav,HandS.mp4
Sundar,1,424,528,2768,3188,244.8,404,RIGHT,16,216,10521986,81,HandS.mp4,10521986,10593103,71000,HandSX.wav,HandS.mp4
Sundar,1,400,511,3208,3604,256.9,548.1,RIGHT,24,216,10521986,94,HandS.mp4,10521986,10593103,71000,HandSX.wav,HandS.mp4
Sundar,1,480,518,3632,4108,311.4,584.9,RIGHT,16,216,10521986,107,HandS.mp4,10521986,10593103,71000,HandSX.wav,HandS.mp4
Sundar,1,248,516,4128,4372,294.9,559.4,RIGHT,20,216,10521986,121,HandS.mp4,10521986,10593103,71000,HandSX.wav,HandS.mp4
Sundar,1,116,504,4396,4508,343.2,552.1,RIGHT,56,216,10521986,129,HandS.mp4,10521986,10593103,71000,HandSX.wav,HandS.mp4
Sundar,1,136,451,4568,4700,694.7,314.3,RIGHT,28,216,10521986,135,HandS.mp4,10521986,10593103,71000,HandSX.wav,HandS.mp4
Sundar,1,180,441,4732,4908,618.6,308.9,RIGHT,36,216,10521986,140,HandS.mp4,10521986,10593103,71000,HandSX.wav,HandS.mp4
Sundar,1,204,449,4948,5148,521.8,413.2,RIGHT,28,216,10521986,146,HandS.mp4,10521986,10593103,71000,HandSX.wav,HandS.mp4
Sundar,1,236,447,5180,5412,549.6,515.4,RIGHT,28,216,10521986,153,HandS.mp4,10521986,10593103,71000,HandSX.wav,HandS.mp4
Sundar,1,192,429,5444,5632,599.6,586.7,RIGHT,28,216,10521986,161,HandS.mp4,10521986,10593103,71000,HandSX.wav,HandS.mp4
Sundar,1,192,403,5664,5852,639.3,662.1,RIGHT,24,216,10521986,168,HandS.mp4,10521986,10593103,71000,HandSX.wav,HandS.mp4
Sundar,1,144,388,5880,6020,604.6,703.4,RIGHT,32,216,10521986,174,HandS.mp4,10521986,10593103,71000,HandSX.wav,HandS.mp4
Sundar,1,168,366,6056,6220,694.3,611,RIGHT,28,216,10521986,179,HandS.mp4,10521986,10593103,71000,HandSX.wav,HandS.mp4
Sundar,1,188,340,6252,6436,782,529.9,RIGHT,24,216,10521986,185,HandS.mp4,10521986,10593103,71000,HandSX.wav,HandS.mp4
Sundar,1,156,322,6464,6616,849.8,473.5,RIGHT,28,216,10521986,192,HandS.mp4,10521986,10593103,71000,HandSX.wav,HandS.mp4
Sundar,1,144,316,6648,6788,914.4,405.9,RIGHT,48,216,10521986,197,HandS.mp4,10521986,10593103,71000,HandSX.wav,HandS.mp4
Sundar,1,420,338,6840,7256,676.4,306,RIGHT,56,216,10521986,203,HandS.mp4,10521986,10593103,71000,HandSX.wav,HandS.mp4
Sundar,1,208,382,7316,7520,170.9,440.4,RIGHT,32,216,10521986,217,HandS.mp4,10521986,10593103,71000,HandSX.wav,HandS.mp4
Sundar,1,168,374,7556,7720,277.5,387.6,RIGHT,48,216,10521986,224,HandS.mp4,10521986,10593103,71000,HandSX.wav,HandS.mp4
Sundar,1,156,350,7772,7924,575.2,306.4,RIGHT,36,216,10521986,231,HandS.mp4,10521986,10593103,71000,HandSX.wav,HandS.mp4
Sundar,1,248,360,7964,8208,674.9,217.6,RIGHT,44,216,10521986,237,HandS.mp4,10521986,10593103,71000,HandSX.wav,HandS.mp4
Sundar,1,192,400,8256,8444,375.6,221.5,RIGHT,32,216,10521986,245,HandS.mp4,10521986,10593103,71000,HandSX.wav,HandS.mp4
Sundar,1,136,411,8480,8612,453,156.2,RIGHT,32,216,10521986,252,HandS.mp4,10521986,10593103,71000,HandSX.wav,HandS.mp4
Sundar,1,212,432,8648,8856,326.8,174.4,RIGHT,24,216,10521986,257,HandS.mp4,10521986,10593103,71000,HandSX.wav,HandS.mp4
Sundar,1,244,464,8884,9124,385.9,211,RIGHT,32,216,10521986,264,HandS.mp4,10521986,10593103,71000,HandSX.wav,HandS.mp4
Sundar,1,356,468,9160,9512,550.7,129.6,RIGHT,32,216,10521986,272,HandS.mp4,10521986,10593103,71000,HandSX.wav,HandS.mp4
Sundar,1,212,450,9548,9756,646,72.2,RIGHT,36,216,10521986,284,HandS.mp4,10521986,10593103,71000,HandSX.wav,HandS.mp4
Sundar,1,560,472,9796,10352,422.9,129.2,RIGHT,36,216,10521986,291,HandS.mp4,10521986,10593103,71000,HandSX.wav,HandS.mp4
Sundar,1,424,451,10392,10812,620.3,130,RIGHT,32,216,10521986,309,HandS.mp4,10521986,10593103,71000,HandSX.wav,HandS.mp4
Sundar,1,200,469,10848,11044,504.9,98.6,RIGHT,20,216,10521986,323,HandS.mp4,10521986,10593103,71000,HandSX.wav,HandS.mp4
Sundar,1,340,450,11068,11404,538.7,52,RIGHT,32,216,10521986,330,HandS.mp4,10521986,10593103,71000,HandSX.wav,HandS.mp4
Sundar,1,164,454,11440,11600,637.8,92.8,RIGHT,28,216,10521986,341,HandS.mp4,10521986,10593103,71000,HandSX.wav,HandS.mp4
Sundar,1,224,458,11632,11852,706.2,105.2,RIGHT,28,216,10521986,347,HandS.mp4,10521986,10593103,71000,HandSX.wav,HandS.mp4
Sundar,1,640,470,11884,12520,617.3,101.4,RIGHT,28,216,10521986,354,HandS.mp4,10521986,10593103,71000,HandSX.wav,HandS.mp4
Sundar,1,388,447,12552,12936,691.6,94.2,RIGHT,28,216,10521986,374,HandS.mp4,10521986,10593103,71000,HandSX.wav,HandS.mp4
Sundar,1,792,451,12968,13756,602.4,101.9,RIGHT,32,216,10521986,387,HandS.mp4,10521986,10593103,71000,HandSX.wav,HandS.mp4
Sundar,1,660,480,13792,14448,688.2,126.5,RIGHT,28,216,10521986,411,HandS.mp4,10521986,10593103,71000,HandSX.wav,HandS.mp4
Sundar,1,1008,508,14480,15484,599,103,RIGHT,28,216,10521986,432,HandS.mp4,10521986,10593103,71000,HandSX.wav,HandS.mp4
Sundar,1,200,526,15516,15712,501.8,72.5,RIGHT,36,216,10521986,463,HandS.mp4,10521986,10593103,71000,HandSX.wav,HandS.mp4
Sundar,1,296,505,15752,16044,688.8,102.7,RIGHT,32,216,10521986,470,HandS.mp4,10521986,10593103,71000,HandSX.wav,HandS.mp4
Sundar,1,188,525,16080,16264,612.1,252.8,RIGHT,32,216,10521986,480,HandS.mp4,10521986,10593103,71000,HandSX.wav,HandS.mp4
Sundar,1,560,534,16300,16856,483.5,242.2,RIGHT,24,216,10521986,487,HandS.mp4,10521986,10593103,71000,HandSX.wav,HandS.mp4
Sundar,1,100,474,16884,16980,565.9,228.1,RIGHT,36,216,10521986,504,HandS.mp4,10521986,10593103,71000,HandSX.wav,HandS.mp4
Sundar,1,192,479,17020,17208,378.1,222.8,RIGHT,24,216,10521986,508,HandS.mp4,10521986,10593103,71000,HandSX.wav,HandS.mp4
Sundar,1,152,481,17236,17384,330,167.8,RIGHT,24,216,10521986,515,HandS.mp4,10521986,10593103,71000,HandSX.wav,HandS.mp4
Sundar,1,700,490,17412,18108,377.1,164.8,RIGHT,52,216,10521986,520,HandS.mp4,10521986,10593103,71000,HandSX.wav,HandS.mp4
Sundar,1,480,481,18164,18640,795.6,310.7,RIGHT,40,216,10521986,543,HandS.mp4,10521986,10593103,71000,HandSX.wav,HandS.mp4
Sundar,1,216,447,18684,18896,848.1,492.4,RIGHT,36,216,10521986,558,HandS.mp4,10521986,10593103,71000,HandSX.wav,HandS.mp4
Sundar,1,172,436,18936,19104,685,537.7,RIGHT,48,216,10521986,566,HandS.mp4,10521986,10593103,71000,HandSX.wav,HandS.mp4
Sundar,1,180,453,19156,19332,360,551.5,RIGHT,44,216,10521986,572,HandS.mp4,10521986,10593103,71000,HandSX.wav,HandS.mp4
Sundar,1,204,439,19380,19580,326.1,372.7,RIGHT,52,216,10521986,579,HandS.mp4,10521986,10593103,71000,HandSX.wav,HandS.mp4
Sundar,1,756,406,19636,20388,808.5,378.8,RIGHT,36,216,10521986,587,HandS.mp4,10521986,10593103,71000,HandSX.wav,HandS.mp4
Sundar,1,600,452,20428,21024,706.6,451.1,RIGHT,32,216,10521986,610,HandS.mp4,10521986,10593103,71000,HandSX.wav,HandS.mp4
Sundar,1,172,432,21060,21228,643,573.2,RIGHT,20,216,10521986,629,HandS.mp4,10521986,10593103,71000,HandSX.wav,HandS.mp4
Sundar,1,188,437,21252,21436,644.3,525.1,RIGHT,56,216,10521986,635,HandS.mp4,10521986,10593103,71000,HandSX.wav,HandS.mp4
Sundar,1,292,466,21496,21784,383.2,267.3,RIGHT,20,216,10521986,642,HandS.mp4,10521986,10593103,71000,HandSX.wav,HandS.mp4
Sundar,1,608,450,21808,22412,401.1,190.3,RIGHT,48,216,10521986,652,HandS.mp4,10521986,10593103,71000,HandSX.wav,HandS.mp4
Sundar,1,144,457,22464,22604,436.5,600.8,RIGHT,20,216,10521986,672,HandS.mp4,10521986,10593103,71000,HandSX.wav,HandS.mp4
Sundar,1,216,434,22628,22840,414.3,562,RIGHT,20,216,10521986,676,HandS.mp4,10521986,10593103,71000,HandSX.wav,HandS.mp4
Sundar,1,396,407,22864,23256,364.5,544.4,RIGHT,28,216,10521986,684,HandS.mp4,10521986,10593103,71000,HandSX.wav,HandS.mp4
Sundar,1,228,422,23288,23512,431.5,536.9,RIGHT,28,216,10521986,696,HandS.mp4,10521986,10593103,71000,HandSX.wav,HandS.mp4
Sundar,1,212,430,23544,23752,365.1,564,RIGHT,24,216,10521986,704,HandS.mp4,10521986,10593103,71000,HandSX.wav,HandS.mp4
Sundar,1,476,431,23780,24252,409.1,569.4,RIGHT,24,216,10521986,711,HandS.mp4,10521986,10593103,71000,HandSX.wav,HandS.mp4
Sundar,1,824,451,24280,25100,363,561.4,RIGHT,28,216,10521986,726,HandS.mp4,10521986,10593103,71000,HandSX.wav,HandS.mp4
Sundar,1,216,455,25132,25344,341.8,440.3,RIGHT,36,216,10521986,752,HandS.mp4,10521986,10593103,71000,HandSX.wav,HandS.mp4
Sundar,1,260,451,25384,25640,367.5,576.8,RIGHT,32,216,10521986,759,HandS.mp4,10521986,10593103,71000,HandSX.wav,HandS.mp4
Sundar,1,172,444,25676,25844,461.3,588.8,RIGHT,28,216,10521986,768,HandS.mp4,10521986,10593103,71000,HandSX.wav,HandS.mp4
Sundar,1,156,435,25876,26028,528.1,569.9,RIGHT,52,216,10521986,774,HandS.mp4,10521986,10593103,71000,HandSX.wav,HandS.mp4
Sundar,1,724,431,26084,26804,438.8,262.3,RIGHT,40,216,10521986,780,HandS.mp4,10521986,10593103,71000,HandSX.wav,HandS.mp4
Sundar,1,292,437,26848,27136,447.6,538.3,RIGHT,52,216,10521986,803,HandS.mp4,10521986,10593103,71000,HandSX.wav,HandS.mp4
Sundar,1,132,425,27192,27320,366.7,239.9,RIGHT,20,216,10521986,813,HandS.mp4,10521986,10593103,71000,HandSX.wav,HandS.mp4
Sundar,1,212,414,27344,27552,377.3,175,RIGHT,48,216,10521986,818,HandS.mp4,10521986,10593103,71000,HandSX.wav,HandS.mp4
Sundar,1,420,434,27604,28020,403.1,587.8,RIGHT,56,216,10521986,826,HandS.mp4,10521986,10593103,71000,HandSX.wav,HandS.mp4
Sundar,1,372,400,28080,28448,363.9,180.5,RIGHT,52,216,10521986,840,HandS.mp4,10521986,10593103,71000,HandSX.wav,HandS.mp4
Sundar,1,388,456,28504,28888,374.3,584.8,RIGHT,52,216,10521986,853,HandS.mp4,10521986,10593103,71000,HandSX.wav,HandS.mp4
Sundar,1,304,455,28944,29244,362.3,267.2,RIGHT,24,216,10521986,866,HandS.mp4,10521986,10593103,71000,HandSX.wav,HandS.mp4
Sundar,1,540,458,29272,29808,338.1,190.8,RIGHT,52,216,10521986,876,HandS.mp4,10521986,10593103,71000,HandSX.wav,HandS.mp4
Sundar,1,332,460,29864,30192,636.4,455.9,RIGHT,40,216,10521986,894,HandS.mp4,10521986,10593103,71000,HandSX.wav,HandS.mp4
Sundar,1,192,410,30236,30424,795.5,607.8,RIGHT,20,216,10521986,905,HandS.mp4,10521986,10593103,71000,HandSX.wav,HandS.mp4
Sundar,1,120,392,30448,30564,775.1,557.9,RIGHT,32,216,10521986,911,HandS.mp4,10521986,10593103,71000,HandSX.wav,HandS.mp4
Sundar,1,204,399,30600,30800,762.4,380.9,RIGHT,24,216,10521986,916,HandS.mp4,10521986,10593103,71000,HandSX.wav,HandS.mp4
Sundar,1,148,416,30828,30972,761.2,304.5,RIGHT,28,216,10521986,922,HandS.mp4,10521986,10593103,71000,HandSX.wav,HandS.mp4
Sundar,1,128,413,31004,31128,756.8,196.7,RIGHT,56,216,10521986,928,HandS.mp4,10521986,10593103,71000,HandSX.wav,HandS.mp4
Sundar,1,420,438,31188,31604,302,191.8,RIGHT,64,216,10521986,933,HandS.mp4,10521986,10593103,71000,HandSX.wav,HandS.mp4
Sundar,1,232,411,31672,31900,942.1,487.2,RIGHT,32,216,10521986,948,HandS.mp4,10521986,10593103,71000,HandSX.wav,HandS.mp4
Sundar,1,144,391,31936,32076,978.1,594.7,RIGHT,36,216,10521986,956,HandS.mp4,10521986,10593103,71000,HandSX.wav,HandS.mp4
Sundar,1,200,395,32116,32312,790.1,601.1,RIGHT,44,216,10521986,961,HandS.mp4,10521986,10593103,71000,HandSX.wav,HandS.mp4
Sundar,1,116,425,32360,32472,569.5,629.7,RIGHT,48,216,10521986,968,HandS.mp4,10521986,10593103,71000,HandSX.wav,HandS.mp4
Sundar,1,220,469,32524,32740,238.9,633.5,RIGHT,28,216,10521986,973,HandS.mp4,10521986,10593103,71000,HandSX.wav,HandS.mp4
Sundar,1,224,457,32772,32992,295.2,641.6,RIGHT,156,216,10521986,981,HandS.mp4,10521986,10593103,71000,HandSX.wav,HandS.mp4
Sundar,1,444,480,33152,33592,263,653.6,RIGHT,36,216,10521986,992,HandS.mp4,10521986,10593103,71000,HandSX.wav,HandS.mp4
Sundar,1,132,519,33632,33760,428,638,RIGHT,116,216,10521986,1007,HandS.mp4,10521986,10593103,71000,HandSX.wav,HandS.mp4
Sundar,1,152,470,33880,34028,398.2,274.6,RIGHT,28,216,10521986,1014,HandS.mp4,10521986,10593103,71000,HandSX.wav,HandS.mp4
Sundar,1,324,483,34060,34380,349.1,167,RIGHT,40,216,10521986,1019,HandS.mp4,10521986,10593103,71000,HandSX.wav,HandS.mp4
Sundar,1,204,510,34424,34624,212.2,410.2,RIGHT,32,216,10521986,1030,HandS.mp4,10521986,10593103,71000,HandSX.wav,HandS.mp4
Sundar,1,200,492,34660,34856,342.6,510.5,RIGHT,32,216,10521986,1037,HandS.mp4,10521986,10593103,71000,HandSX.wav,HandS.mp4
Sundar,1,156,481,34892,35044,282.2,381.6,RIGHT,44,216,10521986,1044,HandS.mp4,10521986,10593103,71000,HandSX.wav,HandS.mp4
Sundar,1,444,450,35092,35532,355.3,163.4,RIGHT,16,216,10521986,1050,HandS.mp4,10521986,10593103,71000,HandSX.wav,HandS.mp4
Sundar,1,580,497,35552,36128,380.3,162.8,RIGHT,24,216,10521986,1064,HandS.mp4,10521986,10593103,71000,HandSX.wav,HandS.mp4
Sundar,1,352,515,36156,36504,439.1,217.3,RIGHT,140,216,10521986,1082,HandS.mp4,10521986,10593103,71000,HandSX.wav,HandS.mp4
Sundar,1,268,482,36648,36912,407.7,301.1,RIGHT,24,216,10521986,1097,HandS.mp4,10521986,10593103,71000,HandSX.wav,HandS.mp4
Sundar,1,348,510,36940,37284,406.8,212.5,RIGHT,44,216,10521986,1106,HandS.mp4,10521986,10593103,71000,HandSX.wav,HandS.mp4
Sundar,1,284,517,37332,37612,271.8,335.6,RIGHT,28,216,10521986,1118,HandS.mp4,10521986,10593103,71000,HandSX.wav,HandS.mp4
Sundar,1,512,484,37644,38152,330.1,269.9,RIGHT,96,216,10521986,1127,HandS.mp4,10521986,10593103,71000,HandSX.wav,HandS.mp4
Sundar,1,548,465,38252,38796,300.7,424.5,RIGHT,36,216,10521986,1145,HandS.mp4,10521986,10593103,71000,HandSX.wav,HandS.mp4
Sundar,1,156,477,38836,38988,158.5,599,RIGHT,36,216,10521986,1163,HandS.mp4,10521986,10593103,71000,HandSX.wav,HandS.mp4
Sundar,1,268,454,39028,39292,346.2,572.4,RIGHT,52,216,10521986,1168,HandS.mp4,10521986,10593103,71000,HandSX.wav,HandS.mp4
Sundar,1,276,445,39348,39620,341.4,264.1,RIGHT,24,216,10521986,1178,HandS.mp4,10521986,10593103,71000,HandSX.wav,HandS.mp4
Sundar,1,628,462,39648,40272,358.2,171.3,RIGHT,48,216,10521986,1187,HandS.mp4,10521986,10593103,71000,HandSX.wav,HandS.mp4
Sundar,1,188,492,40324,40508,346.3,551.7,RIGHT,40,216,10521986,1207,HandS.mp4,10521986,10593103,71000,HandSX.wav,HandS.mp4
Sundar,1,460,459,40552,41008,324.2,323.7,RIGHT,32,216,10521986,1214,HandS.mp4,10521986,10593103,71000,HandSX.wav,HandS.mp4
Sundar,1,288,474,41044,41328,334.3,475.6,RIGHT,36,216,10521986,1229,HandS.mp4,10521986,10593103,71000,HandSX.wav,HandS.mp4
Sundar,1,176,487,41368,41540,162.3,525.2,RIGHT,48,216,10521986,1239,HandS.mp4,10521986,10593103,71000,HandSX.wav,HandS.mp4
Sundar,1,212,455,41592,41800,256.7,245.9,RIGHT,140,216,10521986,1245,HandS.mp4,10521986,10593103,71000,HandSX.wav,HandS.mp4
Sundar,1,160,440,41944,42100,363.8,236.1,RIGHT,148,216,10521986,1256,HandS.mp4,10521986,10593103,71000,HandSX.wav,HandS.mp4
Sundar,1,420,511,42252,42668,410,268.2,RIGHT,32,216,10521986,1265,HandS.mp4,10521986,10593103,71000,HandSX.wav,HandS.mp4
Sundar,1,320,502,42704,43020,290.7,319.8,RIGHT,24,216,10521986,1279,HandS.mp4,10521986,10593103,71000,HandSX.wav,HandS.mp4
Sundar,1,348,446,43048,43392,304.9,240.1,RIGHT,28,216,10521986,1289,HandS.mp4,10521986,10593103,71000,HandSX.wav,HandS.mp4
Sundar,1,604,454,43424,44024,239.3,253.5,RIGHT,20,216,10521986,1300,HandS.mp4,10521986,10593103,71000,HandSX.wav,HandS.mp4
Sundar,1,384,460,44048,44428,288.4,255.7,RIGHT,28,216,10521986,1319,HandS.mp4,10521986,10593103,71000,HandSX.wav,HandS.mp4
Sundar,1,280,444,44460,44736,356.2,162.8,RIGHT,140,216,10521986,1331,HandS.mp4,10521986,10593103,71000,HandSX.wav,HandS.mp4
Sundar,1,260,467,44880,45136,296.4,214.8,RIGHT,32,216,10521986,1344,HandS.mp4,10521986,10593103,71000,HandSX.wav,HandS.mp4
Sundar,1,244,528,45172,45412,227.1,291.8,RIGHT,16,216,10521986,1353,HandS.mp4,10521986,10593103,71000,HandSX.wav,HandS.mp4
Sundar,1,140,522,45432,45568,250.7,270.6,RIGHT,32,216,10521986,1361,HandS.mp4,10521986,10593103,71000,HandSX.wav,HandS.mp4
Sundar,1,384,505,45604,45984,360.5,185.3,RIGHT,36,216,10521986,1366,HandS.mp4,10521986,10593103,71000,HandSX.wav,HandS.mp4
Sundar,1,396,493,46024,46416,294.4,357.3,RIGHT,24,216,10521986,1378,HandS.mp4,10521986,10593103,71000,HandSX.wav,HandS.mp4
Sundar,1,292,485,46444,46732,350.6,358.3,RIGHT,36,216,10521986,1391,HandS.mp4,10521986,10593103,71000,HandSX.wav,HandS.mp4
Sundar,1,620,475,46772,47388,353,174.5,RIGHT,52,216,10521986,1401,HandS.mp4,10521986,10593103,71000,HandSX.wav,HandS.mp4
Sundar,1,252,499,47444,47692,249.6,532.7,RIGHT,32,216,10521986,1421,HandS.mp4,10521986,10593103,71000,HandSX.wav,HandS.mp4
Sundar,1,136,484,47728,47860,182.9,358.6,RIGHT,28,216,10521986,1430,HandS.mp4,10521986,10593103,71000,HandSX.wav,HandS.mp4
Sundar,1,108,460,47892,47996,220.1,176.2,RIGHT,132,216,10521986,1434,HandS.mp4,10521986,10593103,71000,HandSX.wav,HandS.mp4
Sundar,1,384,458,48132,48512,388.6,179.8,RIGHT,36,216,10521986,1442,HandS.mp4,10521986,10593103,71000,HandSX.wav,HandS.mp4
Sundar,1,160,539,48552,48708,305.8,315.1,RIGHT,24,216,10521986,1454,HandS.mp4,10521986,10593103,71000,HandSX.wav,HandS.mp4
Sundar,1,232,530,48736,48964,347.3,237.8,RIGHT,20,216,10521986,1460,HandS.mp4,10521986,10593103,71000,HandSX.wav,HandS.mp4
Sundar,1,392,490,48988,49376,346.7,177.8,RIGHT,28,216,10521986,1467,HandS.mp4,10521986,10593103,71000,HandSX.wav,HandS.mp4
Sundar,1,152,514,49408,49556,271.3,239.9,RIGHT,36,216,10521986,1480,HandS.mp4,10521986,10593103,71000,HandSX.wav,HandS.mp4
Sundar,1,184,516,49596,49776,454.6,210.2,RIGHT,116,216,10521986,1486,HandS.mp4,10521986,10593103,71000,HandSX.wav,HandS.mp4
Sundar,1,388,448,49896,50280,623.2,194.2,RIGHT,48,216,10521986,1495,HandS.mp4,10521986,10593103,71000,HandSX.wav,HandS.mp4
Sundar,1,204,486,50332,50532,316.5,227.1,RIGHT,52,216,10521986,1508,HandS.mp4,10521986,10593103,71000,HandSX.wav,HandS.mp4
Sundar,1,292,494,50588,50876,667.5,210.1,RIGHT,32,216,10521986,1515,HandS.mp4,10521986,10593103,71000,HandSX.wav,HandS.mp4
Sundar,1,244,508,50912,51152,550.8,256.5,RIGHT,48,216,10521986,1525,HandS.mp4,10521986,10593103,71000,HandSX.wav,HandS.mp4
Sundar,1,200,526,51204,51400,297,240.6,RIGHT,48,216,10521986,1534,HandS.mp4,10521986,10593103,71000,HandSX.wav,HandS.mp4
Sundar,1,264,498,51452,51712,632.7,261.1,RIGHT,140,216,10521986,1541,HandS.mp4,10521986,10593103,71000,HandSX.wav,HandS.mp4
Sundar,1,140,472,51856,51992,615.3,336.8,RIGHT,52,216,10521986,1553,HandS.mp4,10521986,10593103,71000,HandSX.wav,HandS.mp4
Sundar,1,140,530,52048,52184,248.7,290.8,RIGHT,56,216,10521986,1559,HandS.mp4,10521986,10593103,71000,HandSX.wav,HandS.mp4
Sundar,1,292,482,52244,52532,735.4,290.2,RIGHT,60,216,10521986,1565,HandS.mp4,10521986,10593103,71000,HandSX.wav,HandS.mp4
Sundar,1,192,507,52596,52784,343,230.2,RIGHT,24,216,10521986,1576,HandS.mp4,10521986,10593103,71000,HandSX.wav,HandS.mp4
Sundar,1,452,486,52812,53260,338,169,RIGHT,52,216,10521986,1582,HandS.mp4,10521986,10593103,71000,HandSX.wav,HandS.mp4
Sundar,1,240,464,53316,53552,746.2,186.4,RIGHT,52,216,10521986,1597,HandS.mp4,10521986,10593103,71000,HandSX.wav,HandS.mp4
Sundar,1,296,485,53608,53900,345.9,212.4,RIGHT,124,216,10521986,1606,HandS.mp4,10521986,10593103,71000,HandSX.wav,HandS.mp4
Sundar,1,332,492,54028,54356,375.1,569.7,RIGHT,24,216,10521986,1619,HandS.mp4,10521986,10593103,71000,HandSX.wav,HandS.mp4
Sundar,1,148,516,54384,54528,303.4,524.3,RIGHT,36,216,10521986,1629,HandS.mp4,10521986,10593103,71000,HandSX.wav,HandS.mp4
Sundar,1,328,520,54568,54892,146.5,659.2,RIGHT,32,216,10521986,1635,HandS.mp4,10521986,10593103,71000,HandSX.wav,HandS.mp4
Sundar,1,224,508,54928,55148,30.3,638,RIGHT,44,216,10521986,1646,HandS.mp4,10521986,10593103,71000,HandSX.wav,HandS.mp4
Sundar,1,196,502,55196,55388,330.8,572.5,RIGHT,44,216,10521986,1654,HandS.mp4,10521986,10593103,71000,HandSX.wav,HandS.mp4
Sundar,1,184,512,55436,55616,81,437.3,RIGHT,48,216,10521986,1661,HandS.mp4,10521986,10593103,71000,HandSX.wav,HandS.mp4
Sundar,1,212,473,55668,55876,60.3,68.3,RIGHT,40,216,10521986,1668,HandS.mp4,10521986,10593103,71000,HandSX.wav,HandS.mp4
Sundar,1,264,482,55920,56180,309.4,105.5,RIGHT,28,216,10521986,1675,HandS.mp4,10521986,10593103,71000,HandSX.wav,HandS.mp4
Sundar,1,152,501,56212,56360,386.8,64.1,RIGHT,36,216,10521986,1684,HandS.mp4,10521986,10593103,71000,HandSX.wav,HandS.mp4
Sundar,1,228,504,56400,56624,465.2,224.1,RIGHT,48,216,10521986,1690,HandS.mp4,10521986,10593103,71000,HandSX.wav,HandS.mp4
Sundar,1,208,514,56676,56880,172.9,248.2,RIGHT,32,216,10521986,1698,HandS.mp4,10521986,10593103,71000,HandSX.wav,HandS.mp4
Sundar,1,144,486,56916,57056,212.5,102.7,RIGHT,60,216,10521986,1705,HandS.mp4,10521986,10593103,71000,HandSX.wav,HandS.mp4
Sundar,1,220,497,57120,57336,355.3,654.4,RIGHT,48,216,10521986,1711,HandS.mp4,10521986,10593103,71000,HandSX.wav,HandS.mp4
Sundar,1,140,484,57388,57524,376.4,391.3,RIGHT,48,216,10521986,1719,HandS.mp4,10521986,10593103,71000,HandSX.wav,HandS.mp4
Sundar,1,208,463,57576,57780,379.5,134.8,RIGHT,32,216,10521986,1725,HandS.mp4,10521986,10593103,71000,HandSX.wav,HandS.mp4
Sundar,1,212,480,57816,58024,304.4,206.7,RIGHT,36,216,10521986,1732,HandS.mp4,10521986,10593103,71000,HandSX.wav,HandS.mp4
Sundar,1,144,518,58064,58204,250.2,332.5,RIGHT,32,216,10521986,1740,HandS.mp4,10521986,10593103,71000,HandSX.wav,HandS.mp4
Sundar,1,148,521,58240,58384,349.2,231.8,RIGHT,28,216,10521986,1745,HandS.mp4,10521986,10593103,71000,HandSX.wav,HandS.mp4
Sundar,1,360,462,58416,58772,436.3,147.1,RIGHT,24,216,10521986,1750,HandS.mp4,10521986,10593103,71000,HandSX.wav,HandS.mp4
Sundar,1,152,448,58800,58948,484.8,180.5,RIGHT,44,216,10521986,1762,HandS.mp4,10521986,10593103,71000,HandSX.wav,HandS.mp4
Sundar,1,168,474,58996,59160,386.2,414.3,RIGHT,44,216,10521986,1768,HandS.mp4,10521986,10593103,71000,HandSX.wav,HandS.mp4
Sundar,1,148,478,59208,59352,103.5,442.9,RIGHT,48,216,10521986,1774,HandS.mp4,10521986,10593103,71000,HandSX.wav,HandS.mp4
Sundar,1,164,437,59404,59564,184,155.9,RIGHT,36,216,10521986,1780,HandS.mp4,10521986,10593103,71000,HandSX.wav,HandS.mp4
Sundar,1,176,433,59604,59776,348.1,143,RIGHT,28,216,10521986,1786,HandS.mp4,10521986,10593103,71000,HandSX.wav,HandS.mp4
Sundar,1,336,457,59808,60140,419.5,131.7,RIGHT,56,216,10521986,1792,HandS.mp4,10521986,10593103,71000,HandSX.wav,HandS.mp4
Sundar,1,204,523,60200,60400,92.3,664.6,RIGHT,20,216,10521986,1804,HandS.mp4,10521986,10593103,71000,HandSX.wav,HandS.mp4
Sundar,1,144,499,60424,60564,86.7,602,RIGHT,52,216,10521986,1810,HandS.mp4,10521986,10593103,71000,HandSX.wav,HandS.mp4
Sundar,1,336,453,60620,60952,165.7,257,RIGHT,48,216,10521986,1816,HandS.mp4,10521986,10593103,71000,HandSX.wav,HandS.mp4
Sundar,1,384,468,61004,61384,379.7,191.4,RIGHT,32,216,10521986,1828,HandS.mp4,10521986,10593103,71000,HandSX.wav,HandS.mp4
Sundar,1,188,467,61420,61604,470.2,137.7,RIGHT,32,216,10521986,1840,HandS.mp4,10521986,10593103,71000,HandSX.wav,HandS.mp4
Sundar,1,200,470,61640,61836,563,150.2,RIGHT,44,216,10521986,1847,HandS.mp4,10521986,10593103,71000,HandSX.wav,HandS.mp4
Sundar,1,216,491,61884,62096,589.7,426.6,RIGHT,48,216,10521986,1854,HandS.mp4,10521986,10593103,71000,HandSX.wav,HandS.mp4
Sundar,1,192,456,62148,62336,736.8,253,RIGHT,36,216,10521986,1862,HandS.mp4,10521986,10593103,71000,HandSX.wav,HandS.mp4
Sundar,1,848,440,62376,63220,492.2,230.2,RIGHT,20,216,10521986,1869,HandS.mp4,10521986,10593103,71000,HandSX.wav,HandS.mp4
Sundar,1,140,413,63244,63380,532.2,222.1,RIGHT,36,216,10521986,1895,HandS.mp4,10521986,10593103,71000,HandSX.wav,HandS.mp4
Sundar,1,160,412,63420,63576,612.9,369.9,RIGHT,28,216,10521986,1900,HandS.mp4,10521986,10593103,71000,HandSX.wav,HandS.mp4
Sundar,1,156,407,63608,63760,622.2,253,RIGHT,32,216,10521986,1906,HandS.mp4,10521986,10593103,71000,HandSX.wav,HandS.mp4
Sundar,1,188,387,63796,63980,518.9,182.6,RIGHT,36,216,10521986,1912,HandS.mp4,10521986,10593103,71000,HandSX.wav,HandS.mp4
Sundar,1,368,401,64020,64384,342.4,166.2,RIGHT,44,216,10521986,1918,HandS.mp4,10521986,10593103,71000,HandSX.wav,HandS.mp4
Sundar,1,200,421,64432,64628,544.1,237.9,RIGHT,36,216,10521986,1931,HandS.mp4,10521986,10593103,71000,HandSX.wav,HandS.mp4
Sundar,1,328,439,64668,64992,353,314.4,RIGHT,28,216,10521986,1938,HandS.mp4,10521986,10593103,71000,HandSX.wav,HandS.mp4
Sundar,1,212,420,65024,65232,433.2,301.6,RIGHT,28,216,10521986,1948,HandS.mp4,10521986,10593103,71000,HandSX.wav,HandS.mp4
Sundar,1,152,408,65264,65412,334.6,263.8,RIGHT,24,216,10521986,1956,HandS.mp4,10521986,10593103,71000,HandSX.wav,HandS.mp4
Sundar,1,504,407,65440,65940,336.9,174,RIGHT,36,216,10521986,1961,HandS.mp4,10521986,10593103,71000,HandSX.wav,HandS.mp4
Sundar,1,1012,431,65980,66988,353.8,357.6,RIGHT,112,216,10521986,1977,HandS.mp4,10521986,10593103,71000,HandSX.wav,HandS.mp4
Sundar,1,236,385,67104,67336,393.9,209.7,RIGHT,20,216,10521986,2011,HandS.mp4,10521986,10593103,71000,HandSX.wav,HandS.mp4
Sundar,1,240,421,67360,67596,353.3,186,RIGHT,28,216,10521986,2018,HandS.mp4,10521986,10593103,71000,HandSX.wav,HandS.mp4
Sundar,1,236,439,67628,67860,348.4,280.1,RIGHT,32,216,10521986,2027,HandS.mp4,10521986,10593103,71000,HandSX.wav,HandS.mp4
Sundar,1,176,448,67896,68068,223.2,271,RIGHT,28,216,10521986,2035,HandS.mp4,10521986,10593103,71000,HandSX.wav,HandS.mp4
Sundar,1,256,441,68100,68352,293.2,212.5,RIGHT,28,216,10521986,2041,HandS.mp4,10521986,10593103,71000,HandSX.wav,HandS.mp4
Sundar,1,376,448,68384,68756,201.9,141.9,RIGHT,32,216,10521986,2049,HandS.mp4,10521986,10593103,71000,HandSX.wav,HandS.mp4
Sundar,1,380,491,68792,69168,292.1,203.9,RIGHT,36,216,10521986,2061,HandS.mp4,10521986,10593103,71000,HandSX.wav,HandS.mp4
Sundar,1,172,532,69208,69376,233.3,352,RIGHT,28,216,10521986,2074,HandS.mp4,10521986,10593103,71000,HandSX.wav,HandS.mp4
Sundar,1,564,506,69408,69968,271.9,181.5,RIGHT,32,216,10521986,2080,HandS.mp4,10521986,10593103,71000,HandSX.wav,HandS.mp4
Sundar,1,464,494,70004,70464,161.3,132.3,RIGHT,44,216,10521986,2098,HandS.mp4,10521986,10593103,71000,HandSX.wav,HandS.mp4
Sundar,1,164,476,70512,70672,407.6,252.1,RIGHT,48,216,10521986,2113,HandS.mp4,10521986,10593103,71000,HandSX.wav,HandS.mp4
Sundar,1,144,452,70724,70864,456.8,46.2,RIGHT,24,216,10521986,2119,HandS.mp4,10521986,10593103,71000,HandSX.wav,HandS.mp4
Sundar,1,192,430,70892,71080,489.3,3.5,RIGHT,32,216,10521986,2124,HandS.mp4,10521986,10593103,71000,HandSX.wav,HandS.mp4
Sundar,2,368,520,4,368,467.4,284.4,RIGHT,32,160,10593598,0,PBJ.mp4,10593598,10680731,87000,PBJX.wav,PBJ.mp4
Sundar,2,368,513,404,768,528.6,124.1,RIGHT,56,160,10593598,10,PBJ.mp4,10593598,10680731,87000,PBJX.wav,PBJ.mp4
Sundar,2,272,574,828,1096,661.8,683.3,RIGHT,32,160,10593598,22,PBJ.mp4,10593598,10680731,87000,PBJX.wav,PBJ.mp4
Sundar,2,596,563,1132,1724,793.8,710.1,RIGHT,24,160,10593598,32,PBJ.mp4,10593598,10680731,87000,PBJX.wav,PBJ.mp4
Sundar,2,564,599,1752,2312,760.1,727.6,RIGHT,24,160,10593598,50,PBJ.mp4,10593598,10680731,87000,PBJX.wav,PBJ.mp4
Sundar,2,292,652,2340,2628,720.8,591.1,RIGHT,24,160,10593598,68,PBJ.mp4,10593598,10680731,87000,PBJX.wav,PBJ.mp4
Sundar,2,292,674,2656,2944,628,501.9,RIGHT,164,160,10593598,77,PBJ.mp4,10593598,10680731,87000,PBJX.wav,PBJ.mp4
Sundar,2,216,630,3112,3324,576,568.7,RIGHT,20,160,10593598,91,PBJ.mp4,10593598,10680731,87000,PBJX.wav,PBJ.mp4
Sundar,2,680,642,3348,4024,575.1,513.8,RIGHT,44,160,10593598,98,PBJ.mp4,10593598,10680731,87000,PBJX.wav,PBJ.mp4
Sundar,2,288,583,4072,4356,559.8,201.8,RIGHT,44,160,10593598,120,PBJ.mp4,10593598,10680731,87000,PBJX.wav,PBJ.mp4
Sundar,2,128,603,4404,4528,603.5,542.8,RIGHT,20,160,10593598,130,PBJ.mp4,10593598,10680731,87000,PBJX.wav,PBJ.mp4
Sundar,2,168,631,4552,4716,608.7,493.8,RIGHT,16,160,10593598,134,PBJ.mp4,10593598,10680731,87000,PBJX.wav,PBJ.mp4
Sundar,2,520,626,4736,5252,590.7,458.4,RIGHT,24,160,10593598,140,PBJ.mp4,10593598,10680731,87000,PBJX.wav,PBJ.mp4
Sundar,2,1060,637,5280,6336,549,477.2,RIGHT,52,160,10593598,156,PBJ.mp4,10593598,10680731,87000,PBJX.wav,PBJ.mp4
Sundar,2,292,574,6392,6680,550.9,169.8,RIGHT,48,160,10593598,189,PBJ.mp4,10593598,10680731,87000,PBJX.wav,PBJ.mp4
Sundar,2,1376,638,6732,8104,577.3,482,RIGHT,20,160,10593598,200,PBJ.mp4,10593598,10680731,87000,PBJX.wav,PBJ.mp4
Sundar,2,296,673,8128,8420,604,499.6,RIGHT,20,160,10593598,241,PBJ.mp4,10593598,10680731,87000,PBJX.wav,PBJ.mp4
Sundar,2,536,660,8444,8976,571.4,461.8,RIGHT,168,160,10593598,251,PBJ.mp4,10593598,10680731,87000,PBJX.wav,PBJ.mp4
Sundar,2,396,669,9148,9540,575.2,481.7,RIGHT,32,160,10593598,272,PBJ.mp4,10593598,10680731,87000,PBJX.wav,PBJ.mp4
Sundar,2,180,729,9576,9752,654,567.5,RIGHT,16,160,10593598,285,PBJ.mp4,10593598,10680731,87000,PBJX.wav,PBJ.mp4
Sundar,2,2028,686,9772,11796,626.1,522.4,RIGHT,192,160,10593598,291,PBJ.mp4,10593598,10680731,87000,PBJX.wav,PBJ.mp4
Sundar,2,540,672,11992,12528,612,524.9,RIGHT,20,160,10593598,357,PBJ.mp4,10593598,10680731,87000,PBJX.wav,PBJ.mp4
Sundar,2,200,702,12552,12748,574.8,547.8,RIGHT,16,160,10593598,374,PBJ.mp4,10593598,10680731,87000,PBJX.wav,PBJ.mp4
Sundar,2,1400,646,12768,14164,601.7,513.8,RIGHT,176,160,10593598,381,PBJ.mp4,10593598,10680731,87000,PBJX.wav,PBJ.mp4
Sundar,2,1376,638,14344,15716,608,513.2,RIGHT,24,160,10593598,428,PBJ.mp4,10593598,10680731,87000,PBJX.wav,PBJ.mp4
Sundar,2,252,614,15744,15992,597.3,565.1,RIGHT,20,160,10593598,470,PBJ.mp4,10593598,10680731,87000,PBJX.wav,PBJ.mp4
Sundar,2,252,602,16016,16264,586.5,634.7,RIGHT,20,160,10593598,478,PBJ.mp4,10593598,10680731,87000,PBJX.wav,PBJ.mp4
Sundar,2,284,591,16288,16568,585.9,684.5,RIGHT,52,160,10593598,486,PBJ.mp4,10593598,10680731,87000,PBJX.wav,PBJ.mp4
Sundar,2,504,533,16624,17124,908.7,745.7,RIGHT,20,160,10593598,496,PBJ.mp4,10593598,10680731,87000,PBJX.wav,PBJ.mp4
Sundar,2,172,556,17148,17316,893.9,694.8,RIGHT,140,160,10593598,512,PBJ.mp4,10593598,10680731,87000,PBJX.wav,PBJ.mp4
Sundar,2,236,550,17460,17692,814.2,624.4,RIGHT,40,160,10593598,521,PBJ.mp4,10593598,10680731,87000,PBJX.wav,PBJ.mp4
Sundar,2,308,651,17736,18040,539.6,695.4,RIGHT,16,160,10593598,530,PBJ.mp4,10593598,10680731,87000,PBJX.wav,PBJ.mp4
Sundar,2,656,624,18060,18712,565.7,700.8,RIGHT,156,160,10593598,539,PBJ.mp4,10593598,10680731,87000,PBJX.wav,PBJ.mp4
Sundar,2,120,580,18872,18988,547,699.9,RIGHT,44,160,10593598,564,PBJ.mp4,10593598,10680731,87000,PBJX.wav,PBJ.mp4
Sundar,2,248,673,19036,19280,325.4,698.2,RIGHT,20,160,10593598,569,PBJ.mp4,10593598,10680731,87000,PBJX.wav,PBJ.mp4
Sundar,2,256,712,19304,19556,327.8,652.1,RIGHT,28,160,10593598,577,PBJ.mp4,10593598,10680731,87000,PBJX.wav,PBJ.mp4
Sundar,2,544,651,19588,20128,480.3,599.2,RIGHT,36,160,10593598,585,PBJ.mp4,10593598,10680731,87000,PBJX.wav,PBJ.mp4
Sundar,2,352,649,20168,20516,445.6,740.7,RIGHT,28,160,10593598,603,PBJ.mp4,10593598,10680731,87000,PBJX.wav,PBJ.mp4
Sundar,2,148,672,20548,20692,494.9,641.7,RIGHT,24,160,10593598,614,PBJ.mp4,10593598,10680731,87000,PBJX.wav,PBJ.mp4
Sundar,2,444,689,20720,21160,534.1,567.1,RIGHT,44,160,10593598,619,PBJ.mp4,10593598,10680731,87000,PBJX.wav,PBJ.mp4
Sundar,2,132,682,21208,21336,396.9,700.4,RIGHT,156,160,10593598,634,PBJ.mp4,10593598,10680731,87000,PBJX.wav,PBJ.mp4
Sundar,2,824,647,21496,22316,483.2,693.9,RIGHT,24,160,10593598,642,PBJ.mp4,10593598,10680731,87000,PBJX.wav,PBJ.mp4
Sundar,2,136,644,22344,22476,538.4,676.3,RIGHT,36,160,10593598,668,PBJ.mp4,10593598,10680731,87000,PBJX.wav,PBJ.mp4
Sundar,2,336,621,22516,22848,688.2,709.2,RIGHT,192,160,10593598,673,PBJ.mp4,10593598,10680731,87000,PBJX.wav,PBJ.mp4
Sundar,2,840,704,23044,23880,632.7,550,RIGHT,32,160,10593598,689,PBJ.mp4,10593598,10680731,87000,PBJX.wav,PBJ.mp4
Sundar,2,188,700,23916,24100,498.7,554.6,RIGHT,28,160,10593598,715,PBJ.mp4,10593598,10680731,87000,PBJX.wav,PBJ.mp4
Sundar,2,308,649,24132,24436,575.3,502.1,RIGHT,20,160,10593598,722,PBJ.mp4,10593598,10680731,87000,PBJX.wav,PBJ.mp4
Sundar,2,504,635,24460,24960,611,519.8,RIGHT,52,160,10593598,731,PBJ.mp4,10593598,10680731,87000,PBJX.wav,PBJ.mp4
Sundar,2,196,606,25016,25208,926.4,516.1,RIGHT,28,160,10593598,748,PBJ.mp4,10593598,10680731,87000,PBJX.wav,PBJ.mp4
Sundar,2,204,597,25240,25440,979.4,399.6,RIGHT,156,160,10593598,755,PBJ.mp4,10593598,10680731,87000,PBJX.wav,PBJ.mp4
Sundar,2,188,644,25600,25784,555.6,581.8,RIGHT,28,160,10593598,766,PBJ.mp4,10593598,10680731,87000,PBJX.wav,PBJ.mp4
Sundar,2,152,709,25816,25964,625.8,514.4,RIGHT,52,160,10593598,772,PBJ.mp4,10593598,10680731,87000,PBJX.wav,PBJ.mp4
Sundar,2,676,699,26020,26692,994.2,390,RIGHT,16,160,10593598,778,PBJ.mp4,10593598,10680731,87000,PBJX.wav,PBJ.mp4
Sundar,2,472,730,26712,27180,975.1,389.9,RIGHT,52,160,10593598,799,PBJ.mp4,10593598,10680731,87000,PBJX.wav,PBJ.mp4
Sundar,2,288,813,27236,27520,576.8,613.8,RIGHT,28,160,10593598,815,PBJ.mp4,10593598,10680731,87000,PBJX.wav,PBJ.mp4
Sundar,2,308,795,27552,27856,492.1,661,RIGHT,16,160,10593598,824,PBJ.mp4,10593598,10680731,87000,PBJX.wav,PBJ.mp4
Sundar,2,336,762,27876,28208,514.9,700.2,RIGHT,36,160,10593598,834,PBJ.mp4,10593598,10680731,87000,PBJX.wav,PBJ.mp4
Sundar,2,240,742,28248,28484,377.3,708.1,RIGHT,32,160,10593598,845,PBJ.mp4,10593598,10680731,87000,PBJX.wav,PBJ.mp4
Sundar,2,1224,739,28520,29740,488.8,697.5,RIGHT,172,160,10593598,853,PBJ.mp4,10593598,10680731,87000,PBJX.wav,PBJ.mp4
Sundar,2,192,656,29916,30104,465.3,693.8,RIGHT,16,160,10593598,895,PBJ.mp4,10593598,10680731,87000,PBJX.wav,PBJ.mp4
Sundar,2,436,714,30124,30556,489.4,697.1,RIGHT,64,160,10593598,901,PBJ.mp4,10593598,10680731,87000,PBJX.wav,PBJ.mp4
Sundar,2,196,693,30624,30816,541.7,214.8,RIGHT,52,160,10593598,916,PBJ.mp4,10593598,10680731,87000,PBJX.wav,PBJ.mp4
Sundar,2,432,673,30872,31300,693,587.5,RIGHT,44,160,10593598,924,PBJ.mp4,10593598,10680731,87000,PBJX.wav,PBJ.mp4
Sundar,2,132,758,31348,31476,456.7,699.5,RIGHT,16,160,10593598,938,PBJ.mp4,10593598,10680731,87000,PBJX.wav,PBJ.mp4
Sundar,2,644,753,31496,32136,493.2,690.1,RIGHT,60,160,10593598,942,PBJ.mp4,10593598,10680731,87000,PBJX.wav,PBJ.mp4
Sundar,2,128,682,32200,32324,522.9,200.3,RIGHT,16,160,10593598,964,PBJ.mp4,10593598,10680731,87000,PBJX.wav,PBJ.mp4
Sundar,2,424,660,32344,32764,517.3,236.2,RIGHT,144,160,10593598,968,PBJ.mp4,10593598,10680731,87000,PBJX.wav,PBJ.mp4
Sundar,2,264,629,32912,33172,485.7,700.2,RIGHT,36,160,10593598,985,PBJ.mp4,10593598,10680731,87000,PBJX.wav,PBJ.mp4
Sundar,2,228,702,33212,33436,302.7,648.7,RIGHT,36,160,10593598,994,PBJ.mp4,10593598,10680731,87000,PBJX.wav,PBJ.mp4
Sundar,2,288,732,33476,33760,122.2,617.4,RIGHT,56,160,10593598,1002,PBJ.mp4,10593598,10680731,87000,PBJX.wav,PBJ.mp4
Sundar,2,224,742,33820,34040,231.4,325.3,RIGHT,48,160,10593598,1012,PBJ.mp4,10593598,10680731,87000,PBJX.wav,PBJ.mp4
Sundar,2,168,709,34092,34256,519.2,228.5,RIGHT,16,160,10593598,1020,PBJ.mp4,10593598,10680731,87000,PBJX.wav,PBJ.mp4
Sundar,2,160,696,34276,34432,507.2,244.3,RIGHT,108,160,10593598,1026,PBJ.mp4,10593598,10680731,87000,PBJX.wav,PBJ.mp4
Sundar,2,64,722,34544,34604,498.8,761.8,RIGHT,20,160,10593598,1034,PBJ.mp4,10593598,10680731,87000,PBJX.wav,PBJ.mp4
Sundar,2,3164,627,34628,37788,483.2,681.4,RIGHT,40,160,10593598,1036,PBJ.mp4,10593598,10680731,87000,PBJX.wav,PBJ.mp4
Sundar,2,472,568,37832,38300,686.5,668.1,RIGHT,48,160,10593598,1133,PBJ.mp4,10593598,10680731,87000,PBJX.wav,PBJ.mp4
Sundar,2,400,596,38352,38748,327.4,716.5,RIGHT,40,160,10593598,1148,PBJ.mp4,10593598,10680731,87000,PBJX.wav,PBJ.mp4
Sundar,2,360,566,38792,39148,507.2,722,RIGHT,16,160,10593598,1161,PBJ.mp4,10593598,10680731,87000,PBJX.wav,PBJ.mp4
Sundar,2,324,575,39168,39488,518.7,712.8,RIGHT,24,160,10593598,1173,PBJ.mp4,10593598,10680731,87000,PBJX.wav,PBJ.mp4
Sundar,2,484,571,39516,39996,499.3,638.5,RIGHT,28,160,10593598,1183,PBJ.mp4,10593598,10680731,87000,PBJX.wav,PBJ.mp4
Sundar,2,168,585,40028,40192,528.6,704,RIGHT,20,160,10593598,1198,PBJ.mp4,10593598,10680731,87000,PBJX.wav,PBJ.mp4
Sundar,2,248,592,40216,40460,553.9,684.1,RIGHT,28,160,10593598,1204,PBJ.mp4,10593598,10680731,87000,PBJX.wav,PBJ.mp4
Sundar,2,224,590,40492,40712,502,564.8,RIGHT,52,160,10593598,1212,PBJ.mp4,10593598,10680731,87000,PBJX.wav,PBJ.mp4
Sundar,2,180,596,40768,40944,522.7,248.3,RIGHT,16,160,10593598,1221,PBJ.mp4,10593598,10680731,87000,PBJX.wav,PBJ.mp4
Sundar,2,664,625,40964,41624,521.7,210.3,RIGHT,172,160,10593598,1227,PBJ.mp4,10593598,10680731,87000,PBJX.wav,PBJ.mp4
Sundar,2,228,632,41800,42024,501.6,688.6,RIGHT,56,160,10593598,1252,PBJ.mp4,10593598,10680731,87000,PBJX.wav,PBJ.mp4
Sundar,2,340,701,42084,42420,516,225.3,RIGHT,64,160,10593598,1260,PBJ.mp4,10593598,10680731,87000,PBJX.wav,PBJ.mp4
Sundar,2,236,774,42488,42720,396,669,RIGHT,36,160,10593598,1272,PBJ.mp4,10593598,10680731,87000,PBJX.wav,PBJ.mp4
Sundar,2,184,705,42760,42940,623.1,622.7,RIGHT,28,160,10593598,1280,PBJ.mp4,10593598,10680731,87000,PBJX.wav,PBJ.mp4
Sundar,2,572,671,42972,43540,565.6,573.9,RIGHT,28,160,10593598,1287,PBJ.mp4,10593598,10680731,87000,PBJX.wav,PBJ.mp4
Sundar,2,408,630,43572,43976,499.9,504.3,RIGHT,36,160,10593598,1305,PBJ.mp4,10593598,10680731,87000,PBJX.wav,PBJ.mp4
Sundar,2,216,597,44016,44228,606.4,453.2,RIGHT,32,160,10593598,1318,PBJ.mp4,10593598,10680731,87000,PBJX.wav,PBJ.mp4
Sundar,2,244,591,44264,44504,543.8,257.6,RIGHT,88,160,10593598,1326,PBJ.mp4,10593598,10680731,87000,PBJX.wav,PBJ.mp4
Sundar,2,248,631,44596,44840,509,670.6,RIGHT,52,160,10593598,1336,PBJ.mp4,10593598,10680731,87000,PBJX.wav,PBJ.mp4
Sundar,2,96,626,44896,44988,528.9,287,RIGHT,32,160,10593598,1345,PBJ.mp4,10593598,10680731,87000,PBJX.wav,PBJ.mp4
Sundar,2,312,595,45024,45332,556.1,165.6,RIGHT,20,160,10593598,1348,PBJ.mp4,10593598,10680731,87000,PBJX.wav,PBJ.mp4
Sundar,2,276,597,45356,45628,529.5,117.1,RIGHT,28,160,10593598,1358,PBJ.mp4,10593598,10680731,87000,PBJX.wav,PBJ.mp4
Sundar,2,488,648,45660,46144,493.2,190.8,RIGHT,52,160,10593598,1367,PBJ.mp4,10593598,10680731,87000,PBJX.wav,PBJ.mp4
Sundar,2,228,664,46200,46424,322.3,660.6,RIGHT,36,160,10593598,1384,PBJ.mp4,10593598,10680731,87000,PBJX.wav,PBJ.mp4
Sundar,2,176,664,46464,46636,477.8,681.2,RIGHT,36,160,10593598,1392,PBJ.mp4,10593598,10680731,87000,PBJX.wav,PBJ.mp4
Sundar,2,404,683,46676,47076,319.2,681.5,RIGHT,36,160,10593598,1398,PBJ.mp4,10593598,10680731,87000,PBJX.wav,PBJ.mp4
Sundar,2,288,672,47116,47400,530.5,717.9,RIGHT,36,160,10593598,1411,PBJ.mp4,10593598,10680731,87000,PBJX.wav,PBJ.mp4
Sundar,2,416,677,47440,47852,699.8,716.6,RIGHT,52,160,10593598,1421,PBJ.mp4,10593598,10680731,87000,PBJX.wav,PBJ.mp4
Sundar,2,192,766,47908,48096,326.9,690.4,RIGHT,28,160,10593598,1435,PBJ.mp4,10593598,10680731,87000,PBJX.wav,PBJ.mp4
Sundar,2,640,750,48128,48764,383.6,549.6,RIGHT,24,160,10593598,1441,PBJ.mp4,10593598,10680731,87000,PBJX.wav,PBJ.mp4
Sundar,2,308,691,48792,49096,433.6,484.3,RIGHT,44,160,10593598,1461,PBJ.mp4,10593598,10680731,87000,PBJX.wav,PBJ.mp4
Sundar,2,228,676,49144,49368,419.5,688.5,RIGHT,32,160,10593598,1472,PBJ.mp4,10593598,10680731,87000,PBJX.wav,PBJ.mp4
Sundar,2,1248,639,49404,50648,424.5,478.8,RIGHT,16,160,10593598,1480,PBJ.mp4,10593598,10680731,87000,PBJX.wav,PBJ.mp4
Sundar,2,88,620,50668,50752,410,451.3,RIGHT,48,160,10593598,1518,PBJ.mp4,10593598,10680731,87000,PBJX.wav,PBJ.mp4
Sundar,2,376,615,50804,51176,515.8,193.9,RIGHT,20,160,10593598,1522,PBJ.mp4,10593598,10680731,87000,PBJX.wav,PBJ.mp4
Sundar,2,116,600,51200,51312,532.3,147.1,RIGHT,52,160,10593598,1534,PBJ.mp4,10593598,10680731,87000,PBJX.wav,PBJ.mp4
Sundar,2,292,565,51368,51656,905.8,35.2,RIGHT,56,160,10593598,1539,PBJ.mp4,10593598,10680731,87000,PBJX.wav,PBJ.mp4
Sundar,2,124,594,51716,51836,991.7,434.7,RIGHT,16,160,10593598,1549,PBJ.mp4,10593598,10680731,87000,PBJX.wav,PBJ.mp4
Sundar,2,260,608,51856,52112,964.1,419.6,RIGHT,28,160,10593598,1553,PBJ.mp4,10593598,10680731,87000,PBJX.wav,PBJ.mp4
Sundar,2,248,598,52144,52388,940.2,332,RIGHT,60,160,10593598,1562,PBJ.mp4,10593598,10680731,87000,PBJX.wav,PBJ.mp4
Sundar,2,256,665,52452,52704,372.2,267.2,RIGHT,36,160,10593598,1571,PBJ.mp4,10593598,10680731,87000,PBJX.wav,PBJ.mp4
Sundar,2,308,641,52744,53048,535.3,208,RIGHT,52,160,10593598,1580,PBJ.mp4,10593598,10680731,87000,PBJX.wav,PBJ.mp4
Sundar,2,296,663,53104,53396,452.8,541.4,RIGHT,16,160,10593598,1591,PBJ.mp4,10593598,10680731,87000,PBJX.wav,PBJ.mp4
Sundar,2,400,707,53416,53812,421.9,508.8,RIGHT,36,160,10593598,1600,PBJ.mp4,10593598,10680731,87000,PBJX.wav,PBJ.mp4
Sundar,2,292,728,53852,54140,351.1,668.4,RIGHT,28,160,10593598,1613,PBJ.mp4,10593598,10680731,87000,PBJX.wav,PBJ.mp4
Sundar,2,220,699,54172,54388,441.7,517.2,RIGHT,20,160,10593598,1623,PBJ.mp4,10593598,10680731,87000,PBJX.wav,PBJ.mp4
Sundar,2,360,687,54412,54768,494.1,494.9,RIGHT,204,160,10593598,1630,PBJ.mp4,10593598,10680731,87000,PBJX.wav,PBJ.mp4
Sundar,2,844,635,54976,55816,541.6,497.8,RIGHT,20,160,10593598,1647,PBJ.mp4,10593598,10680731,87000,PBJX.wav,PBJ.mp4
Sundar,2,500,605,55840,56336,538.6,552.9,RIGHT,188,160,10593598,1673,PBJ.mp4,10593598,10680731,87000,PBJX.wav,PBJ.mp4
Sundar,2,1292,649,56528,57816,554.7,551,RIGHT,20,160,10593598,1694,PBJ.mp4,10593598,10680731,87000,PBJX.wav,PBJ.mp4
Sundar,2,664,685,57840,58500,557.7,573.1,RIGHT,56,160,10593598,1733,PBJ.mp4,10593598,10680731,87000,PBJX.wav,PBJ.mp4
Sundar,2,104,673,58560,58660,542.5,153.8,RIGHT,20,160,10593598,1754,PBJ.mp4,10593598,10680731,87000,PBJX.wav,PBJ.mp4
Sundar,2,456,656,58684,59136,522.7,194.7,RIGHT,156,160,10593598,1758,PBJ.mp4,10593598,10680731,87000,PBJX.wav,PBJ.mp4
Sundar,2,244,660,59296,59536,571.5,670.7,RIGHT,28,160,10593598,1777,PBJ.mp4,10593598,10680731,87000,PBJX.wav,PBJ.mp4
Sundar,2,524,737,59568,60088,514.8,700.7,RIGHT,20,160,10593598,1785,PBJ.mp4,10593598,10680731,87000,PBJX.wav,PBJ.mp4
Sundar,2,468,652,60112,60576,536.7,653.6,RIGHT,16,160,10593598,1801,PBJ.mp4,10593598,10680731,87000,PBJX.wav,PBJ.mp4
Sundar,2,1624,658,60596,62216,537.6,699,RIGHT,176,160,10593598,1816,PBJ.mp4,10593598,10680731,87000,PBJX.wav,PBJ.mp4
Sundar,2,188,669,62396,62580,560.5,638.7,RIGHT,20,160,10593598,1870,PBJ.mp4,10593598,10680731,87000,PBJX.wav,PBJ.mp4
Sundar,2,920,695,62604,63520,575.1,589.9,RIGHT,32,160,10593598,1876,PBJ.mp4,10593598,10680731,87000,PBJX.wav,PBJ.mp4
Sundar,2,296,633,63556,63848,520.7,678,RIGHT,24,160,10593598,1904,PBJ.mp4,10593598,10680731,87000,PBJX.wav,PBJ.mp4
Sundar,2,604,598,63876,64476,565.7,602.1,RIGHT,32,160,10593598,1914,PBJ.mp4,10593598,10680731,87000,PBJX.wav,PBJ.mp4
Sundar,2,72,644,64512,64580,517.1,720.4,RIGHT,24,160,10593598,1933,PBJ.mp4,10593598,10680731,87000,PBJX.wav,PBJ.mp4
Sundar,2,616,654,64608,65220,539.1,696.2,RIGHT,200,160,10593598,1936,PBJ.mp4,10593598,10680731,87000,PBJX.wav,PBJ.mp4
Sundar,2,704,636,65424,66124,539.3,709.1,RIGHT,16,160,10593598,1960,PBJ.mp4,10593598,10680731,87000,PBJX.wav,PBJ.mp4
Sundar,2,224,635,66144,66364,557.3,688.7,RIGHT,16,160,10593598,1982,PBJ.mp4,10593598,10680731,87000,PBJX.wav,PBJ.mp4
Sundar,2,780,646,66384,67160,533.1,677.7,RIGHT,172,160,10593598,1989,PBJ.mp4,10593598,10680731,87000,PBJX.wav,PBJ.mp4
Sundar,2,2320,643,67336,69652,566.2,573.5,RIGHT,164,160,10593598,2018,PBJ.mp4,10593598,10680731,87000,PBJX.wav,PBJ.mp4
Sundar,2,2140,577,69820,71956,580.2,504.7,RIGHT,168,160,10593598,2092,PBJ.mp4,10593598,10680731,87000,PBJX.wav,PBJ.mp4
Sundar,2,1076,592,72128,73200,584.5,486.9,RIGHT,16,160,10593598,2162,PBJ.mp4,10593598,10680731,87000,PBJX.wav,PBJ.mp4
Sundar,2,496,658,73220,73712,610.1,502.8,RIGHT,172,160,10593598,2194,PBJ.mp4,10593598,10680731,87000,PBJX.wav,PBJ.mp4
Sundar,2,1028,632,73888,74912,587.9,471,RIGHT,16,160,10593598,2214,PBJ.mp4,10593598,10680731,87000,PBJX.wav,PBJ.mp4
Sundar,2,868,604,74932,75796,572.8,489,RIGHT,180,160,10593598,2246,PBJ.mp4,10593598,10680731,87000,PBJX.wav,PBJ.mp4
Sundar,2,188,605,75980,76164,563.8,594.9,RIGHT,36,160,10593598,2277,PBJ.mp4,10593598,10680731,87000,PBJX.wav,PBJ.mp4
Sundar,2,1728,665,76204,77928,497.6,700.3,RIGHT,176,160,10593598,2284,PBJ.mp4,10593598,10680731,87000,PBJX.wav,PBJ.mp4
Sundar,2,1012,680,78108,79116,502.5,694.4,RIGHT,44,160,10593598,2341,PBJ.mp4,10593598,10680731,87000,PBJX.wav,PBJ.mp4
Sundar,2,216,661,79164,79376,294.5,681.9,RIGHT,40,160,10593598,2373,PBJ.mp4,10593598,10680731,87000,PBJX.wav,PBJ.mp4
Sundar,2,276,638,79420,79692,479.1,672.5,RIGHT,32,160,10593598,2380,PBJ.mp4,10593598,10680731,87000,PBJX.wav,PBJ.mp4
Sundar,2,468,620,79728,80192,615.8,669.2,RIGHT,212,160,10593598,2390,PBJ.mp4,10593598,10680731,87000,PBJX.wav,PBJ.mp4
Sundar,2,1752,645,80408,82156,615.9,663.9,RIGHT,32,160,10593598,2410,PBJ.mp4,10593598,10680731,87000,PBJX.wav,PBJ.mp4
Sundar,2,24,679,82192,82212,473.3,700.5,RIGHT,172,160,10593598,2463,PBJ.mp4,10593598,10680731,87000,PBJX.wav,PBJ.mp4
Sundar,2,2752,712,82388,85136,474.2,703.6,RIGHT,160,160,10593598,2469,PBJ.mp4,10593598,10680731,87000,PBJX.wav,PBJ.mp4
Sundar,2,1044,776,85300,86340,476.9,716.8,RIGHT,28,160,10593598,2557,PBJ.mp4,10593598,10680731,87000,PBJX.wav,PBJ.mp4
Sundar,2,212,797,86372,86580,516.5,624.6,RIGHT,16,160,10593598,2589,PBJ.mp4,10593598,10680731,87000,PBJX.wav,PBJ.mp4
Sundar,2,420,725,86600,87016,530.7,595.5,RIGHT,56,160,10593598,2596,PBJ.mp4,10593598,10680731,87000,PBJX.wav,PBJ.mp4
Sundar,2,56,647,87076,87128,540.6,195.9,RIGHT,.,160,10593598,2610,PBJ.mp4,10593598,10680731,87000,PBJX.wav,PBJ.mp4